Network,T_value,Epidemic_size(%),SD,SE,Epidemic_duration,SD,SE
1,0.04,14.7058823529,1.6806722689,0.2882329162,13.9705882353,5.6645714968,0.9714659971
2,0.04,12.5,1.9454053758,0.307595598,11.575,5.4675748737,0.8644994939
3,0.04,55.5953624919,20.500566186,1.4388576715,45.1083743842,15.2908768582,1.0732091627
4,0.04,78.2216753716,11.0629629307,0.6345044399,50.3059210526,11.6362847523,0.6673867015
5,0.04,69.488388336,18.4355647383,1.1683064447,49.3895582329,13.9023000685,0.8810224691
6,0.04,19.5660036166,10.0742642318,1.1334432798,20.8481012658,9.7566447434,1.0977082954
7,0.04,33.9992279483,17.7861285805,1.4194875946,32.7834394904,15.6910126702,1.2522791416
8,0.04,69.7007742205,17.4531999282,1.1196232974,49.1893004115,14.5349433049,0.9324170477
9,0.04,30.6553911205,15.5894875062,1.3568907213,25.4621212121,11.9439380485,1.0395863692
10,0.04,13.1,5.2335456433,0.5233545643,12.38,7.2825544969,0.7282554497
11,0.04,0,0,0,0,0,0
12,0.04,0,0,0,0,0,0
13,0.04,0,0,0,0,0,0
14,0.04,11.5176151762,1.4467585707,0.2259457285,12.3414634146,6.2765912611,0.9802388691
15,0.04,11.2903225806,0,0,32,0,0
17,0.04,19.9633923124,7.630983488,1.0289616036,36.9090909091,11.7074533016,1.5786326812
18,0.04,13.8888888889,1.9641855033,1.1340230291,15.6666666667,1.2472191289,0.7200822998
19,0.04,17.6857142857,8.8220040298,0.3945320142,6.492,5.2807135881,0.2361606911
20,0.04,14.175,4.9378006238,0.2208251571,6.228,4.6664779009,0.208691236
21,0.04,15.9142857143,5.4399129645,0.2432803036,5.986,4.5450856978,0.2032624117
22,0.04,13.925,4.2757309317,0.1912165003,6.446,4.6362791115,0.2073407051
23,0.04,11.9555555556,3.027120214,0.1353769315,6.102,4.5903808121,0.2052880708
24,0.04,13.8,6.2798521647,0.2808435266,6.462,4.8220904181,0.2156504394
25,0.04,13.48,7.4759347242,0.3343339648,6.988,5.9038848227,0.2640297559
26,0.04,16.3752665245,6.037391653,0.7375847836,17.4626865672,7.665250837,0.9364594356
27,0.04,17.7670424047,6.2316043402,0.6924004822,17.4320987654,9.4149057962,1.046100644
28,0.04,14,5.7271284253,0.512249939,12.4,6.9212715595,0.6190573479
29,0.04,15,4.8112522432,1.3888888889,29.5833333333,15.4836383178,4.4697413754
30,0.04,18.7333333333,6.4252972262,0.2873480275,6.03,4.3507585546,0.1945718376
31,0.04,15.9075907591,5.1358055878,0.5110317562,11.8217821782,7.2636297824,0.7227581769
32,0.04,23.4,9.1454906921,0.4089987775,6.236,5.2562633115,0.2350672414
33,0.04,18.9149560117,6.0099417982,0.7632633716,18.0161290323,7.2767680159,0.9241504622
34,0.04,19.1947565543,5.2115805431,0.5524264327,11.8314606742,6.2893452885,0.6666692672
35,0.04,15.9706959707,4.7274038989,0.4955665824,11.7802197802,5.9222103792,0.620816334
36,0.04,15.025,6.1896587143,0.2768099529,6.51,5.2063326824,0.2328342758
37,0.04,13.2253711201,4.9676551469,0.5624761836,12.7307692308,8.1108870755,0.9183771162
38,0.04,16.7819548872,9.7355385663,0.7359375407,13.6685714286,9.0959259775,0.6875873737
39,0.04,16.0990712074,8.5001295383,0.6519301757,13.0235294118,8.3016319736,0.6367061074
40,0.04,17.0771756979,5.0823604402,0.9437706407,17.8275862069,9.4141088743,1.7481561311
41,0.04,17.9583333333,8.2694425783,0.6751971591,11.8866666667,6.7936604435,0.5547000524
42,0.04,18.1783536585,8.1610954906,0.6372744919,12.4756097561,7.6025117957,0.5936564335
43,0.04,19.2066115702,8.4441944019,0.7676540365,16.2231404959,8.5304390354,0.7754944578
44,0.04,13.0325814536,5.2302347756,0.5706653991,12.5,6.3028716056,0.6876996721
45,0.04,18.7179487179,7.2766999117,0.9025635422,17.1538461538,7.6966141791,0.9546474969
46,0.04,16.064516129,6.5250657338,0.8286841769,17.4516129032,8.5584846024,1.0869286314
47,0.04,16.9714285714,7.0661018899,0.3160056832,6.022,4.566565011,0.2042229958
48,0.04,20.1666666667,9.0967026993,0.4068169121,6.592,5.7946126704,0.2591429567
49,0.04,11.26,3.5513940925,0.1588231721,6.488,4.8742031144,0.21798099
50,0.04,17.4182139699,5.0110087764,0.5372365321,11.0114942529,4.8363904391,0.5185154813
51,0.04,14.875,6.1479163137,0.2749431759,6.546,5.1220976172,0.2290671692
52,0.04,14.075,4.712417108,0.2107456998,6.418,4.6371624945,0.2073802112
53,0.04,13.3254716981,2.1160800053,0.2906659429,10.7924528302,5.9060521903,0.8112586596
54,0.04,16.9230769231,3.9903056273,0.538052701,12.2545454545,6.0157918902,0.811169213
55,0.04,17.1031746032,7.7242448288,0.8142068955,16.3666666667,7.3853458506,0.7784838065
56,0.04,13.698630137,3.3805281166,0.3956608889,12.2602739726,6.4298690782,0.7525592532
57,0.04,19.5389266818,7.6336502525,1.0905214646,35.7755102041,13.3970226758,1.9138603823
58,0.04,18.4539473684,9.5797132249,1.0988684699,21.1578947368,10.1839045242,1.168173965
59,0.04,16.7826086957,6.7502012852,0.9546226206,22.82,8.4727563402,1.1982286927
60,0.04,44.8612153038,19.9808302183,1.5235240212,35.4651162791,15.1942443773,1.1585502724
61,0.04,13.9869281046,2.3818127004,0.3335204888,11.2156862745,6.1046871272,0.8548271803
62,0.04,16.8524590164,7.247014231,0.927885091,16.606557377,6.8551253735,0.8777088644
63,0.04,12.599469496,2.2350529902,0.4150389209,13.9310344828,6.7155559735,1.2470474375
64,0.04,34.53125,20.3945325385,1.5201187042,22.7944444444,11.8980377571,0.8868273741
65,0.04,22.0779220779,6.3799596284,0.6226203067,12.2095238095,6.6299396508,0.6470158589
66,0.04,14.3369175627,2.8896981177,0.9632327059,30.1111111111,11.0397709763,3.6799236588
67,0.04,15.2991452991,5.2416232843,0.5934969666,11.3333333333,5.7393528329,0.6498537404
68,0.04,15.4418604651,4.8479308729,0.7393025272,14.7441860465,5.9105464402,0.901349882
69,0.04,17.6328502415,6.0579401952,0.8243812428,16.6666666667,9.0778525769,1.2353392652
1,0.05,15.2882205514,2.4810764252,0.3286266006,12.0350877193,6.175687794,0.817989831
2,0.05,12.7450980392,2.5403861551,0.3919900939,11.8095238095,7.034737262,1.0854835256
3,0.05,73.1572755669,13.8614704232,0.8784349955,46.7469879518,11.8801005095,0.7528707792
4,0.05,87.9696490384,5.2904880003,0.2899169565,44.2162162162,8.1826800958,0.4484081071
5,0.05,83.2353347136,10.3013572168,0.5804157254,45.2095238095,9.9372909068,0.5599029127
6,0.05,23.4445927904,11.486756542,1.110466669,21.9252336449,9.1372718628,0.883333412
7,0.05,44.3287624852,21.8319143679,1.6317938941,35.9944134078,15.6720928382,1.1713872164
8,0.05,82.1927299861,9.4715206658,0.5311365046,45.4433962264,10.9263516689,0.6127193762
9,0.05,38.9572883417,18.0907928502,1.4625539171,27.7189542484,13.0666754283,1.0563780974
10,0.05,12.5,3.9929785312,0.4033517424,10.8673469388,5.3273222494,0.5381408126
11,0.05,0,0,0,0,0,0
12,0.05,0,0,0,0,0,0
13,0.05,0,0,0,0,0,0
14,0.05,11.9883040936,2.2774505742,0.3016556977,11.3859649123,5.8781617426,0.7785815428
15,0.05,12.9032258065,2.2809896167,1.3169299692,24.3333333333,4.4969125211,2.5962936546
17,0.05,26.701306199,10.0696874161,1.0441779432,42.4193548387,14.025570029,1.4543838611
18,0.05,15.2777777778,3.4020690872,1.1340230291,15.3333333333,8.1921371516,2.7307123839
19,0.05,19.1428571429,10.8458587978,0.4850415509,7.07,5.7086863638,0.2553002154
20,0.05,15.125,6.8681784339,0.3071542772,6.258,4.9156318007,0.2198337372
21,0.05,16.6285714286,6.9561894331,0.3110902487,6.436,4.8425100929,0.216563635
22,0.05,14.4,5.6581799194,0.2530414986,6.174,4.8567194689,0.2171990976
23,0.05,12.4444444444,4.0612593072,0.1816250377,5.77,4.4448959493,0.1987817899
24,0.05,14.4666666667,8.033848147,0.3592846116,6.574,5.7345029427,0.2564547679
25,0.05,14.12,8.4985645847,0.3800673625,6.896,5.4292894563,0.2428052059
26,0.05,21.1373092926,10.5587118912,1.0403807966,20.3495145631,10.2414622153,1.0091212572
27,0.05,20.2431042543,9.2943636525,0.9637806141,16.9462365591,7.958718208,0.8252806334
28,0.05,16.2408759124,9.5478247207,0.8157257165,13.7153284672,9.2806595105,0.7929002521
29,0.05,13.1944444444,4.0801196727,0.8328509406,24.25,9.946733132,2.0303683984
30,0.05,18.8666666667,6.2932062134,0.2814407378,6.2,4.8049973985,0.2148860163
31,0.05,17.1515151515,7.4377736926,0.7091638963,12.8636363636,7.1483974971,0.6815729587
32,0.05,24.48,10.6174196489,0.4748254416,6.028,4.8533716116,0.2170493769
33,0.05,21.1956521739,9.7645009479,1.0180195969,17.0760869565,8.5034950559,0.8865506445
34,0.05,20.8333333333,8.1578750864,0.8326096395,13.25,7.1807033082,0.7328774625
35,0.05,17.3563218391,6.8860072647,0.6393497239,12.6896551724,7.2888835921,0.6767558518
36,0.05,15.15,6.2130910182,0.2778578773,6.334,4.8040029142,0.2148415416
37,0.05,13.6008337676,5.091915998,0.5066645787,11.9603960396,6.4037748646,0.6371994148
38,0.05,17.2096908939,10.7688441399,0.7833181495,12.3703703704,7.597714107,0.552652381
39,0.05,17.5160122529,9.9070218834,0.7206298046,12.1693121693,7.1063657321,0.5169120458
40,0.05,17.9138321995,6.4735158384,0.9988851799,17.2142857143,7.1265289564,1.0996472916
41,0.05,19.3014705882,9.3649022897,0.718255218,12.4941176471,7.8382524004,0.6011665165
42,0.05,19.0853658537,9.6074808499,0.6710155692,12.1414634146,7.0229232886,0.490502239
43,0.05,21.4967741935,11.0939531298,0.8910877588,18.0451612903,9.438658964,0.7581313319
44,0.05,13.3101348412,4.3366484839,0.3942407713,11.0909090909,6.0096341386,0.5463303762
45,0.05,18.7734082397,7.7543128506,0.8219555183,15.4606741573,8.3330345442,0.8832998951
46,0.05,15.9298245614,5.5814845825,0.739285693,16.2280701754,6.368831846,0.8435723857
47,0.05,19.4,10.1603069213,0.454382739,6.826,5.3907071892,0.2410797544
48,0.05,20.7,9.7101893791,0.4342528705,6.2,5.0442045954,0.2255836874
49,0.05,11.82,4.3459866544,0.1943584318,6.448,4.994326381,0.2233530658
50,0.05,18.1741335587,5.0379254187,0.5281180825,11.2857142857,5.8858849863,0.6170083982
51,0.05,15.4,6.7797492579,0.3031996042,6.594,5.0530351275,0.2259786008
52,0.05,13.65,4.533486517,0.2027436805,6.126,4.7981375553,0.2145792348
53,0.05,13.698630137,2.8627146399,0.3350554056,10.7397260274,6.3311090964,0.7410002717
54,0.05,16.452991453,2.6602349568,0.3135116963,13.625,7.7628701379,0.9148630193
55,0.05,22.0452209661,12.8871413877,1.093073066,20.2374100719,10.8843381202,0.92319751
56,0.05,13.7867647059,4.1445310228,0.4229994262,12.4166666667,6.353586039,0.6484601597
57,0.05,22.9448961156,9.5767872006,1.0575792255,36.8780487805,13.4285736888,1.4829378855
58,0.05,21.35,11.6265859133,1.1626585913,20.88,9.6811982729,0.9681198273
59,0.05,22.1790890269,11.7010143502,1.2766853326,25.6071428571,11.9602694041,1.304972378
60,0.05,55.9772296015,22.6752927973,1.5253052561,36.3257918552,14.2721674824,0.9600498777
61,0.05,14.2483660131,2.6468570891,0.3706341267,11.0588235294,7.1958914332,1.0076263461
62,0.05,17.2705882353,6.8931137595,0.7476631618,17.0705882353,8.4516454859,0.9167096623
63,0.05,14.0688259109,4.1645831197,0.6755845921,15.0526315789,7.9965366464,1.2972095389
64,0.05,43.4027777778,24.1488999187,1.6099266612,24.8577777778,13.2305116872,0.8820341125
65,0.05,23.9234449761,9.6848805217,0.8397856454,11.7744360902,6.989375978,0.6060557591
66,0.05,15.850945495,4.9408748197,0.9174974205,26.1034482759,8.879829245,1.6489428946
67,0.05,16.0269360269,5.8349303764,0.5864325678,12.6565656566,7.2029197449,0.7239206724
68,0.05,16.1875,7.0508753889,0.8813594236,16.296875,7.9562862087,0.9945357761
69,0.05,19.5652173913,9.0382808763,0.9861572921,17.1666666667,8.9600081491,0.9776170374
1,0.06,15.306122449,3.0270197907,0.3617980655,11.8,7.492091068,0.8954761588
2,0.06,12.676056338,2.5455329736,0.3020991843,11.7746478873,6.4572204003,0.7663310734
3,0.06,80.8627678054,11.7285694135,0.6618814634,43.2165605096,10.3208517346,0.5824393589
4,0.06,92.6441788897,3.2269599251,0.165105633,40.5837696335,7.8541714284,0.4018543693
5,0.06,90.4779015451,4.1215795888,0.2163268259,41.6914600551,7.887194267,0.4139703394
6,0.06,26.4897959184,14.1497318156,1.1958706047,22.2571428571,10.729379844,0.9067981026
7,0.06,56.1670423241,22.9560663796,1.4756718369,37.2107438017,13.5363380038,0.8701487632
8,0.06,88.477639371,7.9525663469,0.43645378,40.6174698795,9.0975997554,0.4992956524
9,0.06,47.0845972363,19.8009092916,1.3762583329,29.8502415459,13.2479799732,0.9207982605
10,0.06,15,7.4971258861,0.6226024167,12.0482758621,7.4780884838,0.6210214465
11,0.06,0,0,0,0,0,0
12,0.06,0,0,0,0,0,0
13,0.06,0,0,0,0,0,0
14,0.06,12.037037037,2.3055369626,0.297643542,13.3833333333,8.8073674967,1.1370262546
15,0.06,13.7096774194,0.8064516129,0.5702474042,20,4,2.8284271247
17,0.06,33.0103918597,12.1019772381,1.0867896385,45.1129032258,13.9585848699,1.2535179257
18,0.06,13.28125,2.1943098368,0.5485774592,15.3125,7.0153291976,1.7538322994
19,0.06,19.2,10.3180444279,0.4614369747,6.66,5.4461362451,0.2435586172
20,0.06,15.375,7.3855856234,0.3302934301,6.18,4.7395780403,0.2119603737
21,0.06,17.4285714286,8.0761680143,0.3611772136,6.45,4.8751923039,0.2180252279
22,0.06,14.525,5.5305402087,0.2473332772,6.114,4.6485485907,0.2078894129
23,0.06,13.1555555556,5.3303695469,0.238381373,6.876,5.6093336503,0.250857027
24,0.06,15.2444444444,7.8694282661,0.3519315309,6.626,5.3319906226,0.2384538698
25,0.06,14.96,9.3058261321,0.4161691964,7.206,6.0781217494,0.2718218681
26,0.06,26.8351648352,14.9283843675,1.3093059225,21.7846153846,10.0529250358,0.881699852
27,0.06,22.8433402346,10.8997029799,0.9710227183,17.9682539683,9.0395396953,0.8053062018
28,0.06,14.8511904762,7.4885944076,0.5777576018,12.619047619,7.597626136,0.5861695823
29,0.06,16.4682539683,6.1096937132,0.9427462072,25.880952381,11.1167021081,1.7153443758
30,0.06,19.5333333333,7.5721712723,0.338637794,6.332,4.8026842495,0.2147825691
31,0.06,17.296037296,6.9290000013,0.5794320888,11.2587412587,6.6181708824,0.5534392521
32,0.06,26.32,12.9637031746,0.5797544308,7.172,5.6044996208,0.2506408426
33,0.06,22.9902329076,11.0616912729,1.0056082975,15.5454545455,7.7352899586,0.7032081781
34,0.06,21.7013888889,8.8779636636,0.9061033721,13.3645833333,7.3486390345,0.7500173308
35,0.06,18.407960199,8.7788039801,0.7583731573,12.6194029851,7.3897819491,0.6383799298
36,0.06,15.35,6.8467145406,0.3061943827,6.302,4.796540003,0.2145077901
37,0.06,14.048901782,5.7220242334,0.5077475451,12.3543307087,6.366159993,0.564905351
38,0.06,20.2643171806,12.8679270498,0.8540743155,13.1013215859,8.7788968037,0.5826758459
39,0.06,20.4306220096,13.3946511721,0.9030671978,13.7545454545,8.5308918468,0.575152611
40,0.06,18.4397163121,4.8737643245,0.7109115918,16.7659574468,7.6692610145,1.1186766927
41,0.06,20.7142857143,10.5614093447,0.7983675034,12.1314285714,7.1546097599,0.5408376615
42,0.06,23.307860262,13.8171616363,0.9130637415,12.5633187773,8.0257043054,0.5303534687
43,0.06,24.55,13.7512726684,1.087133559,18.36875,10.6850490611,0.8447272986
44,0.06,13.1397459165,4.505296145,0.3741444802,10.7034482759,6.2699327807,0.5206895764
45,0.06,18.4865900383,7.1947555395,0.7713587599,15.2873563218,7.1661850348,0.7682956803
46,0.06,16.6741573034,6.6565424114,0.7055920844,17.2584269663,7.6533433832,0.8112527761
47,0.06,20.6571428571,11.9785863361,0.5356986664,6.562,5.3667640157,0.2400089832
48,0.06,22.5,11.6845101642,0.5225471802,6.486,5.0720611195,0.226829469
49,0.06,11.64,4.3023714391,0.1924079,6.062,4.7216687728,0.2111594469
50,0.06,19.8174706649,6.7482473505,0.6212265226,12.2203389831,6.4336714789,0.5922674663
51,0.06,16.3,8.4371203618,0.3773194933,7.182,5.7463793818,0.2569858984
52,0.06,14.625,5.7159316826,0.2556242359,6.392,4.9645076292,0.2220195307
53,0.06,13.4920634921,2.2839016733,0.2877445641,11.3015873016,5.6220510312,0.7083118518
54,0.06,17.4358974359,4.1025641026,0.432448227,12.6777777778,6.6963137086,0.7058534415
55,0.06,25.6666666667,16.6107224338,1.3562598074,19.3466666667,10.8995331195,0.8899431526
56,0.06,14.3099547511,4.2982704054,0.4214800898,10.9519230769,5.953957649,0.5838335815
57,0.06,28.4742707309,13.1855284633,1.2403901786,36.8053097345,13.5332160409,1.2730978746
58,0.06,22.8125,11.8214251996,1.0136788481,22.4044117647,10.0560039693,0.8622952265
59,0.06,24.9905482042,12.9275691568,1.2055020398,24.1130434783,11.3564884479,1.0589980082
60,0.06,66.6165142032,21.5657920998,1.317340419,37.5447761194,12.083735011,0.738131596
61,0.06,15.117370892,3.5308160896,0.4190307774,12.4929577465,7.0946781075,0.8419833849
62,0.06,19.9569892473,9.5758589592,0.9929703176,18.2580645161,9.0398201831,0.9373856859
63,0.06,13.8067061144,3.5612367032,0.5702542585,16.6666666667,8.4073634799,1.3462555924
64,0.06,54.6650179856,26.0766679129,1.56397461,26.4100719424,13.2463177724,0.7944613453
65,0.06,25.0568181818,11.3975346671,0.9010542315,12.3125,6.7871086443,0.5365680511
66,0.06,18.8030560272,7.3845451568,1.1979314097,28.4473684211,10.4647211053,1.6976019294
67,0.06,16.9642857143,7.1207495179,0.6728475847,12.0535714286,6.6074082958,0.6243413986
68,0.06,17.7142857143,6.6843303411,0.7293202323,16.2023809524,8.5464832114,0.9324977677
69,0.06,22.9515050167,10.6918027913,1.0484175205,17.5288461538,8.3296928685,0.8167935861
1,0.07,14.8711943794,1.9593911628,0.2508743311,10.9672131148,5.2758876593,0.6755081948
2,0.07,12.8892733564,2.5235211325,0.3060218876,12.1029411765,5.7831899041,0.701314789
3,0.07,87.60763982,8.1439852301,0.4423205615,41.0501474926,9.2847684278,0.5042793999
4,0.07,95.2309955471,2.2872575275,0.1167211219,37.9348958333,7.236584642,0.3692904136
5,0.07,93.2839446199,5.5374319482,0.2926623724,38.1815642458,7.3839623744,0.3902545379
6,0.07,30.6349206349,16.0317460317,1.2595729259,23.2901234568,10.7913328842,0.8478471845
7,0.07,66.7729930888,21.2596483759,1.2593128857,37.3192982456,11.9586926264,0.7083718157
8,0.07,92.7566776111,3.0735430342,0.157256142,38.8219895288,7.6749908825,0.392686695
9,0.07,52.4776763811,21.0959738485,1.3703307565,28.7088607595,11.6399775603,0.7560977925
10,0.07,16.8367346939,9.1859407632,0.7576436246,13.5918367347,8.3125633153,0.6856086668
11,0.07,0,0,0,0,0,0
12,0.07,0,0,0,0,0,0
13,0.07,0,0,0,0,0,0
14,0.07,11.9967793881,2.242896663,0.2700130282,11.2173913043,6.2132853575,0.7479916582
15,0.07,12.9032258065,2.7936303348,1.3968151674,32.5,7.3993242935,3.6996621467
17,0.07,39.9011427535,12.627522035,1.0379759174,44.5540540541,13.6363404498,1.1209002802
18,0.07,13.4803921569,1.7674270958,0.4286640354,16.9411764706,6.9744962984,1.691563819
19,0.07,21.3714285714,12.9203525573,0.5778157322,7.162,5.843608132,0.2613341003
20,0.07,15.975,8.0691929584,0.3608652796,6.496,5.7690539952,0.257999938
21,0.07,18.0857142857,8.271465581,0.3699111863,6.872,5.297887881,0.2369287488
22,0.07,15.325,6.9250902521,0.3096994511,6.766,5.2902971561,0.2365892812
23,0.07,12.4666666667,3.8986544054,0.1743531254,6.262,4.8999342853,0.2191317229
24,0.07,16.1111111111,9.4248162048,0.4214905942,6.898,5.7134574471,0.2555135848
25,0.07,15.88,9.9511607363,0.4450294372,7.412,6.0931318712,0.2724931412
26,0.07,30.3484320557,16.4804679114,1.2869083357,22.3658536585,11.5526495695,0.9021103715
27,0.07,23.6509404872,12.5496912199,1.056874657,16.2127659574,8.2863713714,0.6978383569
28,0.07,18.5,11.0895118345,0.7476547354,13.3272727273,8.3329674851,0.5618085532
29,0.07,17.6724137931,8.1469951632,1.0697528734,25.6379310345,10.3502428355,1.359053466
30,0.07,20.8,9.6392715262,0.4310813277,6.636,5.0828637597,0.2273125777
31,0.07,18.8888888889,9.3183300929,0.7321171553,12.1111111111,7.2690787706,0.5711127657
32,0.07,26.08,12.8931609778,0.5765996878,6.602,5.4706120316,0.2446532076
33,0.07,27.0591824283,14.521177598,1.1896212212,18.5838926174,9.9946970309,0.8187974844
34,0.07,22.1763085399,9.3125579856,0.8465961805,12.1487603306,6.7084024739,0.6098547704
35,0.07,18.9371980676,7.6664094396,0.6526081103,13.2826086957,8.7757811746,0.7470441037
36,0.07,17.275,9.7152907831,0.4344810122,6.484,5.0574444139,0.22617579
37,0.07,13.9838647714,6.4675691192,0.5525617204,11.7372262774,7.3596553325,0.6287777891
38,0.07,24.450891007,16.8134282259,1.0549683145,14.0354330709,9.9733268489,0.6257821828
39,0.07,22.1697099893,15.3389475973,0.9799694152,13.8693877551,9.767881647,0.6240470674
40,0.07,18.962585034,6.2016560108,0.8287311437,18.5,8.7116506555,1.1641432866
41,0.07,21.7604712042,13.336581989,0.9650012049,11.8848167539,7.4353992589,0.5380066084
42,0.07,26.9414893617,18.1065267389,1.1811395697,13.5446808511,8.7242096151,0.5691046847
43,0.07,29.6288659794,17.1080975508,1.2282898215,18.8969072165,10.2454259707,0.7355787164
44,0.07,14.8667122351,6.7628597928,0.5449667724,12.8701298701,7.3180982721,0.5897091641
45,0.07,22.3238482385,9.8848679627,0.8912885285,17.5040650407,9.8115362527,0.8846764308
46,0.07,18.3913043478,9.7456305948,1.0160522265,17.4891304348,7.9201100196,0.82572855
47,0.07,22.8,14.4051011373,0.6442157073,7.504,6.2020951299,0.2773661263
48,0.07,24.3333333333,13.8684293751,0.6202150165,6.988,5.3133657883,0.2376209418
49,0.07,11.94,5.0632400694,0.2264349796,6.58,5.5374723476,0.2476432919
50,0.07,18.4371184371,6.2115249533,0.5533666244,10.9523809524,6.5608956305,0.5844910381
51,0.07,16.175,7.3267915898,0.327664081,6.314,4.8620370217,0.2174369058
52,0.07,14.675,6.1202022025,0.2737037632,6.012,4.5821235252,0.2049187937
53,0.07,14.3333333333,3.5019835649,0.4043742308,12.3466666667,7.1916494785,0.8304201525
54,0.07,17.6470588235,4.5173391046,0.4472832215,12,7.4452248152,0.7371871058
55,0.07,25.0360750361,15.604652899,1.1089743922,18.0404040404,10.153288955,0.7215628262
56,0.07,14.6568627451,4.4924538377,0.4101030509,11.85,5.4842957615,0.5006454168
57,0.07,37.6441010547,13.8498127258,1.1270817752,40.1655629139,13.1120643419,1.0670446632
58,0.07,26.8072289157,16.2404432186,1.2605028542,23.3734939759,12.1721693658,0.9447435652
59,0.07,29.1770186335,14.7122637956,1.2434132344,24.5357142857,11.1562991267,0.9428793674
60,0.07,78.0221570544,15.8727094148,0.9210280162,37.4983164983,10.1062119041,0.586421893
61,0.07,14.9166666667,3.8360497622,0.4288834017,12.375,6.249749995,0.6987432916
62,0.07,20.9642857143,10.5592956436,0.9977596533,17.7053571429,8.5216514086,0.805220371
63,0.07,15.6850961538,5.056297679,0.6320372099,17.1875,8.0697641694,1.0087205212
64,0.07,64.3406148867,26.5336630716,1.5094473538,26.9935275081,11.3949382754,0.6482353899
65,0.07,26.25,11.1334643721,0.8801776416,12.49375,7.1972189725,0.5689901193
66,0.07,18.1612903226,8.0697402434,1.1412336097,23.82,8.26,1.1681404025
67,0.07,17.3597359736,7.8533986628,0.7814423739,11.6138613861,6.5581485812,0.6525601737
68,0.07,18.7916666667,8.5658195106,0.8742452929,16.5104166667,9.1923822534,0.9381935851
69,0.07,26.336421953,13.0707623919,1.1833712245,18.4918032787,8.7001468818,0.7876742886
1,0.08,15.0696864111,2.232753592,0.2465663865,10.5609756098,5.4304865725,0.5996969195
2,0.08,13.0074565037,2.7776395384,0.3296451657,12.4788732394,7.3864343776,0.8766084839
3,0.08,91.4411494625,7.2901626914,0.3769653386,38.1229946524,8.3586616905,0.4322161065
4,0.08,96.7734883128,1.8297901645,0.0893910991,36.0047732697,6.2279664992,0.3042560735
5,0.08,95.4390037991,2.317440244,0.1141720861,36.5703883495,6.8816201556,0.339033091
6,0.08,35.3811991118,20.2507564043,1.4576813424,22.0569948187,10.9460223113,0.7879119268
7,0.08,77.6418026418,16.0878803638,0.9107968732,37.9294871795,10.4639871914,0.5924066191
8,0.08,94.8236371965,2.4003720313,0.1189820242,36.0565110565,6.4074780186,0.3176068938
9,0.08,60.4651162791,21.0177024169,1.3161795796,30.2274509804,10.9889084621,0.6881521411
10,0.08,17.2435897436,9.1163222137,0.7298899228,12.8141025641,7.9314405902,0.6350234694
11,0.08,0,0,0,0,0,0
12,0.08,0,0,0,0,0,0
13,0.08,0,0,0,0,0,0
14,0.08,12.7988748242,2.9785961441,0.3351182483,11.0759493671,5.712017427,0.6426521697
15,0.08,13.3870967742,2.5038991446,0.7918024328,26.5,10.5380263807,3.3324165406
17,0.08,46.6568567634,11.8346496723,0.8654352955,45.4598930481,13.1190454683,0.9593596182
18,0.08,14.7916666667,3.602420097,0.805525622,17.1,8.2152297594,1.8369812193
19,0.08,22.4,14.0942599403,0.6303144664,6.964,5.201413654,0.2326142902
20,0.08,15.875,8.7419605925,0.3909523628,6.298,4.766255973,0.2131534471
21,0.08,18.5142857143,9.6084996387,0.4297051671,6.71,5.4448048634,0.243499076
22,0.08,16.15,7.5284460548,0.3366823429,6.898,5.5153962686,0.2466560196
23,0.08,13.2666666667,5.4019200976,0.2415812109,6.458,4.6368346962,0.2073655516
24,0.08,16.7111111111,10.9881192855,0.4914036333,6.934,5.3882876686,0.2409715502
25,0.08,16.86,11.4865312432,0.5136932937,7.402,5.895455538,0.2636527868
26,0.08,32.2049689441,17.2491696281,1.271625656,22.4510869565,11.2943713816,0.832632105
27,0.08,26.678497486,13.3469522905,1.1008380711,17.8911564626,8.3333027904,0.6873192299
28,0.08,20.4326923077,12.3570786496,0.856809244,13.4326923077,8.0285121994,0.5566771616
29,0.08,18.399122807,9.40262806,1.0785554084,23.6447368421,9.0781750244,1.0413380927
30,0.08,20.5333333333,9.3419008297,0.4177825059,6.678,5.1515353051,0.2303836626
31,0.08,19.3406593407,8.7037776905,0.6451669265,12.2637362637,7.2306356245,0.5359703716
32,0.08,27.44,13.9945132105,0.625853657,6.828,5.2921088424,0.2366703023
33,0.08,29.2929292929,14.6249085172,1.1183947068,18.7426900585,9.6362735641,0.7369042572
34,0.08,22.4537037037,9.4850931706,0.7904244309,12.0694444444,6.9388727649,0.5782393971
35,0.08,20.3831417625,9.4743761085,0.7182505992,11.6206896552,6.9550963359,0.5272644925
36,0.08,16.7,9.10961031,0.407394158,6.816,5.7315045145,0.2563206742
37,0.08,14.9930747922,6.823965631,0.5534967012,12.2105263158,7.4715526983,0.6060229484
38,0.08,26.511445901,18.8257478789,1.1478261063,14.2044609665,9.2571191627,0.5644165168
39,0.08,25.8707430341,17.2418196056,1.0454388737,14.5073529412,9.4639379967,0.5738355293
40,0.08,19.9507389163,6.9321351159,0.9102339342,18.5172413793,9.0520361194,1.188590573
41,0.08,24.5035046729,15.0789487585,1.0307757166,13.5046728972,9.170119937,0.6268564938
42,0.08,28.8759689922,18.9379117125,1.1790228842,14.3139534884,9.1561750603,0.5700385603
43,0.08,33.5315315315,20.6741427134,1.3875576068,19.0630630631,10.5491379429,0.7080117808
44,0.08,16.3229018492,9.4138275192,0.7738118554,13.1216216216,8.5114433347,0.6996363324
45,0.08,21.568627451,11.9894213363,1.0990684519,15.9831932773,8.1817415019,0.7500190138
46,0.08,20.5806451613,11.056378085,0.9928920626,16.4516129032,8.3910040526,0.7535344086
47,0.08,22.6571428571,14.5588461081,0.6510913914,7.266,5.7542370476,0.2573373039
48,0.08,25.4,15.2881944287,0.6837088399,7.142,5.9807889112,0.2674690113
49,0.08,12.24,5.1944585858,0.2323032501,6.424,4.9723459252,0.2223700699
50,0.08,21.5827338129,9.4042768013,0.7976603474,11.4100719424,6.6428009929,0.5634350264
51,0.08,16.45,8.3679447895,0.3742258676,6.636,5.3298690415,0.2383589898
52,0.08,14.85,6.2831122861,0.2809893236,6.374,4.8623167318,0.2174494148
53,0.08,15.1960784314,4.5060726252,0.4461676738,12.1568627451,7.131461773,0.7061199352
54,0.08,18.2186234818,6.3842786356,0.5979424787,11.6315789474,6.5924773156,0.6174420717
55,0.08,30.1286391334,17.5030676154,1.2049608673,20.2322274882,11.4307353309,0.786924273
56,0.08,15.5042016807,6.1377624322,0.5187356034,12.1428571429,6.9432098676,0.5868083361
57,0.08,37.4347103514,17.3463017493,1.3888156372,39.0128205128,13.7028853313,1.097108865
58,0.08,32.1973684211,19.5156952604,1.4158173416,23.4263157895,11.9728790938,0.8686039428
59,0.08,34.2144268775,18.0548868588,1.3609383033,27.4431818182,12.507141555,0.9427612668
60,0.08,82.6854584309,14.8643657878,0.8348659581,36.0220820189,9.7445034941,0.5473058429
61,0.08,15.6097560976,4.3204326034,0.4771119657,11.0243902439,5.3851095733,0.5946858683
62,0.08,22.3362831858,11.3227866574,1.0651581697,17.0796460177,8.2795639158,0.7788758557
63,0.08,16.7478091529,6.7604499204,0.760610041,14.582278481,6.7871949332,0.7636190901
64,0.08,72.2253787879,26.3636448673,1.4512708858,28.4090909091,11.3985342927,0.6274686616
65,0.08,30.0437530384,14.3143043796,1.0467656063,12.7219251337,6.9472959026,0.5080365916
66,0.08,23.8140417457,10.8165634495,1.3117009885,32,15.4852871348,1.8778668971
67,0.08,18.064516129,7.6843738268,0.6172237588,11.8451612903,6.880680701,0.5526695735
68,0.08,22.5040650407,10.8128002914,0.9749573688,17.1951219512,8.0825603049,0.7287799197
69,0.08,26.0537670096,14.1676849073,1.2378363777,17.0763358779,8.9737686609,0.7840418083
1,0.1,15.9711075441,3.3898414257,0.3593224725,12.2584269663,5.9671913667,0.6325210198
2,0.1,13.6284216657,4.2151443501,0.419422539,11.8415841584,6.7394694877,0.6706022783
3,0.1,95.889933821,2.7448751663,0.1362258672,35.1280788177,7.0789599967,0.3513228857
4,0.1,98.3513454825,1.2252406602,0.0573143406,33.6892778993,5.9575224062,0.2786811438
5,0.1,97.5983436853,1.4663297068,0.0698252241,33.9229024943,6.6662208499,0.3174390881
6,0.1,46.0585197935,22.7970995227,1.4447074809,24.5502008032,10.9617118401,0.694670262
7,0.1,87.6764679435,10.54615602,0.5744857249,36.6112759644,9.8381678398,0.5359191512
8,0.1,96.9563992109,1.5866468816,0.0773284374,33.7767220903,5.9056339855,0.2878229892
9,0.1,70.2467001886,17.9052364805,1.040720731,29.6824324324,9.5744149226,0.5565015636
10,0.1,19.4034090909,11.6195265596,0.8758547691,13.2954545455,8.5289068506,0.6428905431
11,0.1,0,0,0,0,0,0
12,0.1,0,0,0,0,0,0
13,0.1,0,0,0,0,0,0
14,0.1,13.251783894,3.8304371515,0.3668893388,11.7431192661,5.959194068,0.5707872717
15,0.1,14.6010186757,4.0356075803,0.9258318746,29.2105263158,12.2112068776,2.8014429873
17,0.1,57.5376725339,9.6504983414,0.6627989473,42.8490566038,9.7823410911,0.6718539445
18,0.1,15.1960784314,4.8340889518,0.8290394157,15.3529411765,5.2573889345,0.9016347638
19,0.1,24.7142857143,17.149403512,0.7669446405,7.29,6.6784653926,0.2986700521
20,0.1,18.5,12.0260134708,0.5378196724,7.196,5.9175657157,0.264641584
21,0.1,19,10.4305281922,0.4664674016,6.872,5.8933535445,0.2635587828
22,0.1,17,9.2398593063,0.4132190702,6.798,5.2189267096,0.2333974978
23,0.1,13.4222222222,5.7599725651,0.2575938041,6.124,4.63644519,0.2073481324
24,0.1,19.3333333333,13.1674870818,0.5888679242,7.75,6.3229344453,0.2827702247
25,0.1,20.54,16.574329549,0.7412265511,8.016,7.618119453,0.3406926592
26,0.1,44.2722371968,22.4174309921,1.5396354817,25.358490566,12.5841984469,0.8642862978
27,0.1,32.8913043478,17.6800887654,1.2501710658,19.255,9.7729204949,0.6910498354
28,0.1,22.6506024096,15.6711438202,0.9931183872,13.1285140562,8.5362180311,0.5409608374
29,0.1,21.0256410256,10.6400601972,1.0433437418,24.8461538462,9.7643082692,0.9574692
30,0.1,22.1666666667,10.9176208234,0.4882508463,6.756,5.4622764485,0.244280429
31,0.1,21.3265306122,11.7537063766,0.8395504555,11.887755102,6.7042214131,0.4788729581
32,0.1,31,18.5849401398,0.8311437902,7.406,6.2508530618,0.2795466473
33,0.1,35.8710255262,19.3837386733,1.3604717469,18.1379310345,9.8631368053,0.6922564932
34,0.1,24.6621621622,12.1334537717,0.9973637563,11.9594594595,7.2166084517,0.5932015606
35,0.1,22.967032967,11.972195601,0.8874381808,13.0274725275,7.7696445947,0.5759243747
36,0.1,18.8,12.0024997396,0.5367681064,6.756,5.5728326729,0.2492246537
37,0.1,17.3541963016,9.4360612876,0.6937530234,13.5405405405,8.2317598348,0.6052110196
38,0.1,34.3567251462,23.5207520898,1.3859736084,16.125,10.7579912158,0.6339207117
39,0.1,30.8682289666,21.400326217,1.2928409872,15.2445255474,9.8948148311,0.5977676249
40,0.1,20.3921568627,8.4115739514,0.9123632941,15.3294117647,7.8701046189,0.853632699
41,0.1,30.5076628352,19.3792790034,1.1995472561,14.7969348659,9.4354507083,0.5840397367
42,0.1,32.7155172414,21.8428186078,1.2826544738,14.2620689655,9.2176896572,0.5412813744
43,0.1,39.5748031496,23.3994816838,1.468214062,19.9724409449,11.2734108272,0.7073567067
44,0.1,16.7603474706,8.9747566275,0.6253009238,13.2815533981,8.4920493664,0.5916691153
45,0.1,30.235042735,16.1847514474,1.2958171845,19.3974358974,9.838881195,0.7877409406
46,0.1,22.3790849673,11.8327155519,0.9566183541,16.9607843137,7.4121278052,0.5992350167
47,0.1,27.7142857143,19.7762999779,0.8844230219,8.02,6.5848006804,0.2944812388
48,0.1,27.1333333333,17.8389087858,0.7977802538,6.88,5.755484341,0.2573930846
49,0.1,12.82,6.2167193921,0.2780201432,6.468,5.3427498538,0.2389350372
50,0.1,22.4979321754,9.7520679978,0.7150563187,11.6505376344,5.9569625596,0.4367856868
51,0.1,18.475,11.7361354372,0.5248559326,6.884,5.7196629271,0.2557911023
52,0.1,15.9,8.2349863388,0.3682797849,6.47,5.558515989,0.2485843921
53,0.1,15.8185840708,5.3931954616,0.5073491518,12.610619469,7.2324656787,0.6803731394
54,0.1,18.1708055724,6.0027864236,0.5326611608,11.3622047244,6.447448731,0.5721185601
55,0.1,39.2711370262,23.0338874435,1.4715810889,20.9346938776,11.1569425813,0.7127909152
56,0.1,16.6851646319,6.9153697303,0.548424493,12.5408805031,7.1389992237,0.5661594655
57,0.1,51.5504891684,16.7335676907,1.1492661474,41.3301886792,13.9051515485,0.9550097292
58,0.1,41.7811158798,22.8505911222,1.4969919978,25.8884120172,12.9560330641,0.848777947
59,0.1,42.5143560295,21.0717496919,1.4472137105,27.3773584906,12.9959738542,0.8925671488
60,0.1,90.025466893,11.2718455597,0.5782334766,33.5052631579,8.2262400239,0.4219972092
61,0.1,15.1063829787,4.2582732063,0.4392073457,11.670212766,5.6557037636,0.5833413024
62,0.1,27.8461538462,15.6098891429,1.2497913648,18.8782051282,9.8367071236,0.7875668756
63,0.1,18.7388193202,8.5359492756,0.9204550823,18.4651162791,9.604623008,1.0356931345
64,0.1,86.5444214876,20.6020159073,1.0813254027,28.8870523416,9.2513671309,0.4855708458
65,0.1,34.4186046512,18.0135782764,1.2285158418,14.2465116279,8.5556821548,0.58349268
66,0.1,27.3439855291,14.9483164986,1.4451083009,29.8224299065,12.5726398421,1.2154429699
67,0.1,19.9621212121,8.9470145997,0.6744066005,12.9261363636,7.5843887858,0.5716948152
68,0.1,23.75,11.937045512,0.9947537927,17.5763888889,8.6334136588,0.7194511382
69,0.1,30.5106167846,16.592325913,1.2651529901,18.2674418605,9.2904357154,0.7083890822
1,0.11,15.3174603175,2.7274349647,0.2874968886,10.9444444444,5.762640427,0.6074356362
2,0.11,14.0943506115,4.1453604308,0.4124787795,11.9405940594,5.7657606338,0.5737146261
3,0.11,97.0986978216,2.1997778605,0.1079828482,34.5710843373,6.4160290636,0.3149504797
4,0.11,98.7984801287,1.0243180164,0.0485028638,32.2421524664,6.0126636788,0.2847078769
5,0.11,98.0473602484,1.2372705009,0.0584555366,32.8415178571,6.0624995891,0.2864261828
6,0.11,50.7971014493,23.5690871012,1.4186923286,25.981884058,11.0021258519,0.6622501532
7,0.11,89.1140140407,12.5489277234,0.6795625361,34.715542522,8.1965244807,0.4438666862
8,0.11,97.5101244938,1.4038028009,0.0660293295,33.1128318584,6.1275609736,0.288216224
9,0.11,74.8555320648,14.0228201859,0.7719308455,29.5878787879,8.6434335761,0.4758053587
10,0.11,20.2736318408,12.3908067046,0.8739801186,13.1940298507,8.6930614625,0.6131612791
11,0.11,0,0,0,0,0,0
12,0.11,0,0,0,0,0,0
13,0.11,0,0,0,0,0,0
14,0.11,13.6595310907,3.7273201425,0.3570125206,11.9174311927,6.5021216585,0.6227903034
15,0.11,16.4796633941,5.8242776418,1.2144458398,30.6086956522,7.2215807642,1.5058036816
17,0.11,59.9081596609,11.4305458988,0.7273082188,42.6720647773,9.9907725133,0.6356976321
18,0.11,14.4791666667,2.7931432662,0.4416347276,16.725,8.437972209,1.3341605507
19,0.11,26.6571428571,19.251525251,0.8609543826,7.67,6.587343926,0.2945949762
20,0.11,18.75,12.6119982556,0.5640257086,6.922,5.6309782454,0.2518250027
21,0.11,19.8857142857,11.4494095739,0.5120331622,7.012,5.7148802262,0.2555772134
22,0.11,17.075,10.3383690687,0.4623459203,6.72,5.5997857102,0.2504300301
23,0.11,14.3111111111,7.0013755262,0.3131110323,6.076,4.6171662305,0.2064859511
24,0.11,20.4,15.255454398,0.6822446612,7.64,6.2291572464,0.2785763809
25,0.11,20.34,17.1954761493,0.7690050715,8.092,7.4840855153,0.3346984792
26,0.11,49.5856524428,22.0568715917,1.4512356049,26.7056277056,11.1863364947,0.7360069057
27,0.11,33.9048785466,18.3312034263,1.2560333625,18.4366197183,9.3095928027,0.6378827881
28,0.11,24.1050583658,16.9852491994,1.059510735,13.5914396887,9.1264572777,0.5692927636
29,0.11,25.4894179894,14.0969611913,1.2558571184,27.4841269841,13.1370880099,1.1703448189
30,0.11,23.1,12.5277913279,0.5602598603,6.984,5.6959410109,0.2547302259
31,0.11,23.1424375918,13.3227849365,0.8842642938,11.9603524229,7.404202632,0.4914341891
32,0.11,30.48,17.6796380053,0.790657448,6.87,5.6700176367,0.2535708974
33,0.11,38.7323943662,21.3499764031,1.4628762786,19.5305164319,10.7757882936,0.7383448478
34,0.11,25.1479289941,11.4121783451,0.8778598727,11.5621301775,6.2405420192,0.4800416938
35,0.11,24.3042071197,14.385140571,1.0022602351,13.3203883495,8.1278779426,0.5662960899
36,0.11,19.475,12.0845717756,0.5404384794,7.002,5.5686619578,0.2490381336
37,0.11,17.7765843179,11.1398864193,0.7957061728,12.5408163265,7.9483901173,0.5677421512
38,0.11,36.8257091326,24.3006032006,1.3563274078,16.230529595,10.0340449769,0.5600457775
39,0.11,34.974533107,23.3143498349,1.3241660897,16.2935483871,9.8760523485,0.5609220807
40,0.11,22.0575022462,9.0238367079,0.8764725019,16.1886792453,8.8638690044,0.860935065
41,0.11,31.4073741007,20.1543328065,1.2087765544,14.1330935252,8.7396548381,0.5241696643
42,0.11,39.5900321543,23.9878036467,1.3602235534,16.3922829582,9.5772609647,0.5430766456
43,0.11,46.8654545455,26.9030597664,1.6223155447,21.8727272727,11.9709565889,0.7218758434
44,0.11,18.3225443287,10.5451877829,0.7711405033,12.8609625668,8.2092894515,0.6003226998
45,0.11,29.0668662675,16.2941917644,1.2608824143,17.5149700599,9.6581424724,0.7473695028
46,0.11,23.5384615385,12.3700344171,0.9903953869,16.858974359,8.533830653,0.6832532737
47,0.11,27.8,20.4194984847,0.9131877336,7.958,6.3160300823,0.2824614522
48,0.11,29.3666666667,20.0925359276,0.8985655235,7.534,6.4996033725,0.2906710994
49,0.11,13.08,6.4894992103,0.2902192275,6.41,4.8733869126,0.2179444883
50,0.11,25.0117980179,12.7908797838,1.0018590255,12.6748466258,8.0663532296,0.631805546
51,0.11,18.975,11.5763498133,0.5177101023,7.426,5.8781395016,0.2628783901
52,0.11,16.225,8.7070014931,0.3893889444,6.264,5.2883176909,0.2365007569
53,0.11,14.9537037037,5.1648908404,0.4445230269,11.7925925926,6.0099871157,0.5172573336
54,0.11,19.8439241918,6.7931316551,0.5782697686,11.8405797101,6.4664646354,0.5504620252
55,0.11,46.2692511949,23.4583302375,1.4302796377,24.1710037175,11.9978520118,0.7315219479
56,0.11,18.0647406892,8.2092463727,0.6314804902,12.100591716,6.7145033966,0.5165002613
57,0.11,56.25,16.9532999421,1.1227597166,39.8552631579,11.4566734717,0.7587367359
58,0.11,48.7927756654,24.0027688734,1.4800741344,27.6045627376,13.2422406471,0.816551539
59,0.11,50.3251579339,20.5901123853,1.3460177544,29.264957265,10.8748853319,0.7109134938
60,0.11,92.9213761241,6.5421980299,0.3308531754,32.6930946292,7.7120776432,0.3900165305
61,0.11,15.5357142857,4.0225942093,0.3800994251,11.4821428571,6.2919763856,0.5945358847
62,0.11,28.8911917098,15.1686059462,1.0918601477,17.9740932642,9.4383383281,0.6793864589
63,0.11,17.2268907563,8.7769381112,0.8045805975,15.2773109244,8.0491393869,0.7378633978
64,0.11,88.0775316456,19.5993725661,0.986151457,27.9670886076,9.4567064344,0.4758185395
65,0.11,34.0151515152,16.9668219967,1.0952036505,12.7583333333,7.5227386783,0.4855906936
66,0.11,31.4804147465,15.2922057389,1.4449776208,31.2857142857,12.5045909936,1.1815727863
67,0.11,19.5761078998,10.0646666726,0.7652024373,12.1965317919,7.6086799836,0.5784772271
68,0.11,26.4337349398,15.50296728,1.2032636204,18.0602409639,9.6939297832,0.7523948697
69,0.11,32.2061191626,17.7488821422,1.291041205,17.7566137566,9.4024662511,0.6839287828
1,0.12,16.5,4.3676687846,0.4367668785,12,5.6391488719,0.5639148872
2,0.12,14.2634044768,4.2001338374,0.3951153551,12.6991150442,7.3338649045,0.6899119762
3,0.12,97.8229786449,1.7290837522,0.0826188175,33.2579908676,6.5060293483,0.3108701071
4,0.12,99.0586382775,0.8881563877,0.0420554238,31.9147982063,6.0781093524,0.2878068193
5,0.12,98.5043478261,0.992913348,0.0468063841,32.3688888889,6.3625229874,0.29993221
6,0.12,56.908315565,24.1506302256,1.4752345378,26.1791044776,11.8802173119,0.7256997739
7,0.12,91.8648018648,8.5161589191,0.4312324697,33.8871794872,7.2198153072,0.3655895592
8,0.12,97.9806077264,1.1452829927,0.0543527255,32.6328828829,6.2329334391,0.2958019305
9,0.12,77.0805008945,11.5194968331,0.6389867154,29.4338461538,7.6801097132,0.4260158365
10,0.12,22.2872340426,14.3227406896,1.0445932245,13.25,8.2065263338,0.598522447
11,0.12,0,0,0,0,0,0
12,0.12,0,0,0,0,0,0
13,0.12,0,0,0,0,0,0
14,0.12,13.6033229491,3.8902715877,0.3760867496,12.7476635514,6.9579423561,0.6726496764
15,0.12,15.770609319,5.4886712656,1.0562952776,24.8148148148,8.8695777888,1.7069510413
17,0.12,64.6968490502,9.9174172635,0.6455688766,42.8177966102,10.4157567351,0.6780080132
18,0.12,14.9717514124,3.5254192018,0.4589704866,15.3220338983,7.8122907901,1.0170736302
19,0.12,27.4571428571,19.7324760799,0.8824631576,7.854,6.1250864484,0.2739221933
20,0.12,19.925,13.8809896981,0.6207767312,7.2,6.0630025565,0.2711457173
21,0.12,20.4,11.9250721985,0.5333054414,6.734,5.5309351831,0.247350941
22,0.12,17.95,9.9522610496,0.4450786447,6.988,5.4662469758,0.2444579964
23,0.12,13.8666666667,6.231104771,0.2786634769,6.35,4.6659939991,0.2086695953
24,0.12,22.6444444444,17.5561040702,0.7851328424,7.67,5.9787205989,0.2673765136
25,0.12,22.54,19.4768683314,0.8710320316,8.36,7.4505301825,0.3331978391
26,0.12,51.0373443983,24.342992761,1.5680700093,26.1493775934,12.3053512643,0.7926573557
27,0.12,39.3505778756,21.3062616467,1.3839904169,19.2658227848,9.7855169749,0.6356376328
28,0.12,26.6923076923,18.6779780465,1.1583590248,14.7192307692,9.2907116243,0.5761854752
29,0.12,26.3513513514,15.1436457196,1.2448000102,26.0743243243,11.9028109423,0.9784050325
30,0.12,22.6,12.3520578582,0.5524008207,6.446,5.6454480779,0.2524721133
31,0.12,25.8012820513,15.1452736719,1.0501357847,13.5913461538,8.6469938148,0.5995611457
32,0.12,30.92,18.8455193614,0.8427972473,6.976,6.0520594842,0.2706563282
33,0.12,41.1728896104,22.1231508736,1.4781651944,20.0580357143,10.5746170008,0.7065463181
34,0.12,26.1780104712,12.4626149214,0.9017631673,12.6073298429,6.9566909064,0.5033684877
35,0.12,24.2512077295,14.5781701885,1.0132528716,12.1449275362,7.483848042,0.5201633965
36,0.12,21.975,14.9134796409,0.6669510852,7.88,6.5523736157,0.2930310564
37,0.12,18.7134502924,11.0782765886,0.7699934505,12.9275362319,7.5763148102,0.5265902811
38,0.12,40.6774032874,27.1133801266,1.5228391444,16.5047318612,10.7655313527,0.6046524807
39,0.12,39.5099818512,25.7812983948,1.5139299703,17.1620689655,10.7951749692,0.6339145015
40,0.12,23.5294117647,9.7504209151,0.9654355312,16.1764705882,7.6163031595,0.754126386
41,0.12,35.4383680556,23.2389249707,1.3693667862,15.1180555556,9.437290489,0.5560976751
42,0.12,39.9358006042,23.9801543869,1.3180684903,15.4622356495,9.0714315257,0.4986109707
43,0.12,50.0810810811,26.7257122661,1.5534004723,21.6858108108,11.094766907,0.6448702277
44,0.12,21.6272121351,14.2905750475,0.9443477803,14.6506550218,9.9171353629,0.6553427511
45,0.12,35.917132216,18.8053125732,1.4055750547,19.1117318436,9.7887648981,0.73164664
46,0.12,26.4631578947,15.1148658272,1.0965476181,17.9736842105,9.569377811,0.694235633
47,0.12,27.5714285714,20.5093308779,0.9172051603,8.09,6.9674887872,0.3115955712
48,0.12,29.5666666667,20.6486749642,0.9234368173,7.388,6.6104051313,0.2956263046
49,0.12,13.76,7.5539658458,0.3378236226,6.948,5.6883473874,0.2543906288
50,0.12,22.9976209358,11.8447245376,0.8504016618,12.2010309278,7.1281205117,0.5117692277
51,0.12,19.95,13.3275091446,0.5960243284,7.092,5.6320099432,0.2518711417
52,0.12,16.625,9.092407547,0.4066248271,6.406,5.1292459485,0.2293868523
53,0.12,15.4233870968,5.2312623973,0.4697812314,12.3306451613,6.3407562567,0.5694167213
54,0.12,18.5850645705,6.209903004,0.5305478185,12.2846715328,6.9365728145,0.5926314102
55,0.12,45.9523809524,25.8849422313,1.5753074178,21.6555555556,11.1871233298,0.6808266446
56,0.12,17.5766114829,8.5882213965,0.6645765243,12.9580838323,7.82775141,0.60572959
57,0.12,60.9722222222,14.8227309246,0.9192667481,40.5846153846,10.3713989972,0.643206861
58,0.12,56.1909448819,24.1852259494,1.5175160421,29.3582677165,12.9317404846,0.8114095638
59,0.12,53.7882957256,21.7186197399,1.4107759534,28.9071729958,11.263989484,0.7316747424
60,0.12,94.0181243765,6.8947468969,0.3500277411,31.7396907216,7.4886010907,0.38017612
61,0.12,16.8992248062,6.5911229748,0.5803160197,12.3953488372,6.2622513779,0.5513604901
62,0.12,30.5454545455,17.1536565747,1.2930055146,17.1761363636,8.4562845688,0.6374164326
63,0.12,18.073188947,8.107448832,0.7988506705,16.9417475728,7.819350211,0.7704634699
64,0.12,91.9238035264,16.2662973929,0.8163820642,27.1183879093,7.9347838903,0.3982353879
65,0.12,35.1702351702,17.6432762607,1.0962998442,12.6486486486,7.767625872,0.482656787
66,0.12,33.9884640034,16.507104199,1.3433290885,29.9205298013,11.6166831269,0.9453522658
67,0.12,21.8323586745,11.2861288626,0.8630718452,12.9064327485,7.3693306781,0.5635468019
68,0.12,27.9569892473,16.4401253027,1.2054484731,17.8817204301,9.6490564053,0.7075031423
69,0.12,32.211313698,17.8667657404,1.3100548253,16.9838709677,9.9776501891,0.7315968075
1,0.13,16.6666666667,4.428481476,0.4203328602,13.3873873874,7.6360585692,0.7247826047
2,0.13,14.5843461351,4.9069335463,0.4460848678,12.2479338843,8.866578525,0.8060525932
3,0.13,98.2879251228,1.567851376,0.075086463,32.2844036697,6.6402881322,0.3180121257
4,0.13,99.2333150393,0.7998966448,0.037335978,31.4923747277,5.8385547708,0.2725203988
5,0.13,98.7511563367,0.8820428607,0.0406856033,31.5489361702,6.0131725029,0.2773669647
6,0.13,60.3979591837,23.6529621769,1.4135348545,27.3714285714,11.0578626565,0.6608336903
7,0.13,93.9984258166,6.5214477619,0.3323637536,32.9506493506,7.1336157455,0.3635627229
8,0.13,98.3088512241,1.0432805069,0.0491807147,31.2822222222,5.8086444733,0.2738221264
9,0.13,79.5169946333,12.6548700847,0.6883341886,29.1715976331,7.9178562593,0.4306746041
10,0.13,23.6590909091,14.7831955916,0.9966828435,14.0227272727,9.0786678948,0.6120836646
11,0.13,0,0,0,0,0,0
12,0.13,10.1351351351,0,0,24,0,0
13,0.13,11.8556701031,0,0,49,0,0
14,0.13,13.8095238095,4.4288274376,0.3743042352,11.1785714286,6.1554480598,0.5202303117
15,0.13,16.6034155598,5.2560299751,0.9014017042,27.9705882353,9.466614073,1.6235109196
17,0.13,68.1319910515,6.962303308,0.4019687689,42.09,8.8950491848,0.5135559041
18,0.13,15.7118055556,5.4618563253,0.7883510549,16.125,7.1052357456,1.0255524426
19,0.13,29.4857142857,22.0014099734,0.983932966,7.832,6.5699144591,0.2938155067
20,0.13,21.55,15.9090383116,0.7114738224,7.818,6.8842483976,0.3078729478
21,0.13,20.4571428571,11.4051187935,0.5100524183,6.604,4.7357347899,0.2117884983
22,0.13,17.95,10.0148639531,0.4478783317,6.94,5.4768969317,0.2449342769
23,0.13,14.9777777778,7.9107365704,0.3537788945,6.732,5.0477892191,0.2257439966
24,0.13,22.4444444444,17.425679929,0.7793000975,7.808,6.7182688246,0.3004501157
25,0.13,26,21.335416565,0.9541488354,8.836,7.6650573383,0.3427917852
26,0.13,56.8901098901,24.0675171339,1.49260405,26.8730769231,11.1453356126,0.6912043723
27,0.13,43.1023210199,22.7033801987,1.3920335539,20.7368421053,11.0768978155,0.679168181
28,0.13,28.7827715356,19.345992312,1.1839555022,14.2584269663,9.2191724464,0.5642041911
29,0.13,30.3351449275,15.7269307042,1.1594047137,29.4782608696,12.497806991,0.9213505552
30,0.13,22.0666666667,11.0933413462,0.496109307,6.498,5.5319070853,0.2473944058
31,0.13,26.5840220386,15.7631855394,1.0132959444,13.305785124,7.6745182908,0.4933367205
32,0.13,32.4,19.4278151113,0.8688383049,7.008,5.4077662671,0.2418426596
33,0.13,45.3297682709,24.718161533,1.5479113183,20.2901960784,10.8288875626,0.6781312437
34,0.13,27.5500910747,13.3103083864,0.9839263082,12.7540983607,7.5581297113,0.5587130251
35,0.13,27.3243647235,16.4019612886,1.0983565671,13.3094170404,8.0429481198,0.538595643
36,0.13,22.3,16.0728031158,0.7187976071,7.674,6.7034113703,0.2997856701
37,0.13,20.495951417,12.5022535627,0.8668753131,12.7548076923,7.8466354844,0.5440662804
38,0.13,42.3207140659,28.0751191696,1.5181285767,16.9356725146,10.9128103267,0.5900971999
39,0.13,39.6879821704,27.0916670861,1.5462031099,16.7361563518,11.2362298881,0.6412855119
40,0.13,25.4945054945,11.7960093188,1.0345784569,17.0076923077,8.1801788149,0.7174491429
41,0.13,36.4006514658,23.0524536323,1.3156730216,14.7752442997,8.7731994648,0.5007129407
42,0.13,42.0031055901,27.4446363592,1.5294297895,15.4378881988,10.0265575553,0.5587582073
43,0.13,58.2337662338,26.7319042344,1.5231916082,23.4155844156,11.5548951221,0.6584012545
44,0.13,20.0892857143,12.5887015837,0.8411180048,12.7321428571,7.9017201369,0.5279558843
45,0.13,35.3870458136,18.2293189149,1.2549580686,19.327014218,9.570005477,0.6588263471
46,0.13,27.1502590674,16.2781271101,1.1717252287,17.378238342,10.6029101003,0.7632141694
47,0.13,30.2285714286,21.5829864968,0.9652204993,8.24,6.7405044322,0.3014445223
48,0.13,31.8,20.6527910409,0.9236208938,7.884,6.1343739697,0.2743375439
49,0.13,13.84,7.6976879646,0.3442510712,6.69,5.351812777,0.2393403434
50,0.13,25.2635689184,13.4701118264,0.9597057306,13.2538071066,8.0004154856,0.570006002
51,0.13,21.675,15.161855922,0.6780588101,7.194,6.2744214076,0.2806006557
52,0.13,17.175,10.3842127771,0.4643961132,6.946,5.7270484545,0.2561213931
53,0.13,15.8333333333,5.5277079839,0.4513354669,11.7266666667,6.6742257146,0.5449482476
54,0.13,19.7728446051,7.3628483164,0.6031880367,10.932885906,6.037538533,0.4946144288
55,0.13,51.8086080586,27.3056880693,1.5458801751,23.1217948718,11.8141825616,0.6688463796
56,0.13,19.2244495564,8.5834181704,0.6415547956,13.1452513966,7.6612000255,0.5726249752
57,0.13,66.192252323,14.7708567345,0.8780362941,40.222614841,10.668300401,0.6341646336
58,0.13,55.5913978495,25.5356535734,1.5287795908,27.3799283154,11.7680278232,0.7045333971
59,0.13,60.6815952926,20.843350137,1.2779877936,31.2706766917,10.9799049666,0.6732211679
60,0.13,95.0609853956,5.3393721177,0.2663036768,30.9004975124,6.6874092546,0.3335376583
61,0.13,17.1354166667,6.4379297996,0.5690379773,12.6796875,7.0433186356,0.6225472962
62,0.13,35.6483516484,19.0836064659,1.4145710252,19.478021978,9.9513685866,0.7376445165
63,0.13,20.5901856764,10.9516371861,1.0168339854,16.9396551724,8.3607135411,0.7762727642
64,0.13,93.4285287081,16.0924228002,0.7871061278,26.8062200957,7.9099755061,0.3868895485
65,0.13,38.5118306351,20.8142252455,1.2180604004,13.2363013699,7.6343436364,0.4467661686
66,0.13,38.066380757,18.0538412131,1.3726081299,31.5664739884,13.1537123156,1.0000582286
67,0.13,21.0731707317,10.3036584644,0.7196387229,11.9024390244,6.94720466,0.4852138205
68,0.13,30.9898989899,16.2291015264,1.1533520237,19.1060606061,9.8079468726,0.6970204331
69,0.13,37.7292396456,18.1230888499,1.2476448894,18.4597156398,8.8976293725,0.6125380671
1,0.14,15.8584534731,3.5362352721,0.3387099094,11.9449541284,6.0953206031,0.5838258291
2,0.14,14.1582150101,4.5562703954,0.3783776613,11.0965517241,5.5563869902,0.4614328239
3,0.14,98.7467674557,1.3510041681,0.0631973094,31.818380744,6.3141544307,0.2953636863
4,0.14,99.4495953871,0.6342845917,0.0293826663,31.160944206,5.6702917518,0.2626711931
5,0.14,98.9549961861,0.6927841772,0.0324425915,31.1184210526,5.5190271484,0.258452126
6,0.14,63.9399454049,25.078533234,1.4152635067,27.2292993631,11.4737987931,0.6475039255
7,0.14,94.1132018439,8.611214758,0.430023544,31.4413965087,6.487062286,0.3239484315
8,0.14,98.4042354174,0.8963689752,0.0421150883,30.9668874172,5.9779771161,0.2808698661
9,0.14,80.523255814,11.0216658617,0.5942483976,28.1773255814,7.7238273626,0.4164408621
10,0.14,28.0701754386,17.9363980122,1.1878669768,15.5570175439,9.8020448037,0.6491562754
11,0.14,12.5,1.3888888889,0.9820927516,43,9,6.3639610307
12,0.14,13.8513513514,2.3648648649,1.6722119825,28,6,4.2426406871
13,0.14,11.0824742268,0.2577319588,0.1822440158,23,3,2.1213203436
14,0.14,14.3518518519,4.4864214363,0.3904928636,12.0909090909,6.8107029689,0.5927956041
15,0.14,17.7755376344,8.2340354115,1.1884806403,27.5208333333,12.945381389,1.8685048574
17,0.14,70.9523182875,6.4676792633,0.3697326143,41.4444444444,9.38771892,0.5366601708
18,0.14,15.1595744681,5.0430718629,0.7356076344,14.5319148936,7.3161176306,1.067165436
19,0.14,31.8571428571,22.3565723341,0.9998163097,8.784,7.3013248113,0.3265251721
20,0.14,20.875,14.5618293837,0.6512248076,7.624,6.6599267263,0.2978409777
21,0.14,21.8285714286,13.2573891603,0.5928884673,7.078,5.4914402482,0.2455846738
22,0.14,19.625,12.2544634725,0.548036267,7.182,5.5078921558,0.2463204255
23,0.14,15.4444444444,8.0576625597,0.3603496245,6.92,5.5079578793,0.2463233647
24,0.14,24.8666666667,19.0559799111,0.8522093292,8.156,6.7060915592,0.2999055318
25,0.14,25.6,20.9150663398,0.9353502018,9.018,7.7514950816,0.3466573986
26,0.14,58.7959183673,24.7107296183,1.4767485499,25.5857142857,10.5458087235,0.6302326147
27,0.14,48.8657844991,22.8269381893,1.5051637309,22.3608695652,11.2352411065,0.74082986
28,0.14,31.7346938776,22.1862329472,1.2939273818,15.2823129252,10.3528838579,0.603792448
29,0.14,31.8957345972,16.5043494906,1.1362062761,28.0426540284,12.3535239928,0.8504516643
30,0.14,24.8333333333,14.3556028551,0.6420020768,7.124,5.7386953221,0.2566422568
31,0.14,27.183908046,16.427032717,1.0784875343,13.1293103448,8.6652597832,0.568902176
32,0.14,35.44,21.4664016547,0.9600066666,7.626,6.1743116215,0.27612361
33,0.14,47.0114531138,25.2616953003,1.5850597364,20.3267716535,11.5730949781,0.7261605627
34,0.14,29.6339563863,15.4840040607,1.058464727,13.0700934579,7.4808005338,0.5113769968
35,0.14,26.1212121212,16.4932019833,1.1119714509,13.2318181818,8.3462504572,0.562704091
36,0.14,21.95,15.3727843932,0.6874918181,7.32,5.851290456,0.2616776643
37,0.14,20.6698564593,13.089950719,0.8825242974,13.1454545455,8.1098552432,0.546766329
38,0.14,50.5504448801,29.9131241294,1.601212824,18.5042979943,10.8745442289,0.5821010069
39,0.14,46.5275615073,28.2319695858,1.5356167031,18.0177514793,10.2350906852,0.5567155407
40,0.14,25.670995671,13.08197604,1.2473174748,17.1636363636,8.5583848017,0.8160099733
41,0.14,38.122923588,24.1309981666,1.3908876113,15.4983388704,10.3867487086,0.5986822427
42,0.14,49.7133027523,27.7197742727,1.53290702,18.1773700306,10.9566441293,0.6059038048
43,0.14,61.1238670695,28.1822897319,1.5490387376,23.1480362538,10.8432593153,0.5959994337
44,0.14,21.5384615385,13.7857669377,0.8549569716,13.4,8.9688349299,0.5562235301
45,0.14,38.1787330317,21.0231468882,1.4141698956,19.8823529412,11.0525157711,0.7434726664
46,0.14,30.2512562814,17.1049725624,1.2125393562,18.1708542714,9.610032173,0.6812371187
47,0.14,32.8571428571,23.7761671101,1.0633025181,8.448,7.2082796838,0.3223640675
48,0.14,33.8,23.4237296584,1.0475410361,8.006,6.5840689547,0.294448515
49,0.14,14.36,7.575645187,0.3387931522,7.006,5.5416571529,0.247830442
50,0.14,25.5399772641,12.9145029222,0.9064204098,11.5221674877,7.177088013,0.5037328263
51,0.14,21.65,15.2488524158,0.6819494116,7.212,6.0470700343,0.2704331932
52,0.14,17.95,10.4724638935,0.4683428232,6.778,5.2654264785,0.2354770307
53,0.14,15.8588435374,6.5721446315,0.5420613532,11.6530612245,6.2766743016,0.5176913711
54,0.14,20.8436724566,8.2418001699,0.6619973201,12.1548387097,7.0226747367,0.5640748089
55,0.14,55.6654257794,28.1129324903,1.6044898052,23.0912052117,11.418803604,0.6517055443
56,0.14,19.3483275663,9.4629543845,0.662539328,12.5245098039,7.2911702747,0.5104840262
57,0.14,69.8552857493,12.2523875754,0.7050456781,40.5927152318,10.0190057757,0.5765289971
58,0.14,62.1113074205,24.1997170074,1.4385238597,28.890459364,11.8126727542,0.702190509
59,0.14,64.9659312135,20.3322387856,1.2419891575,31.7052238806,11.5790135504,0.7073008258
60,0.14,96.1593927894,2.8982134802,0.1405840036,30.0352941176,5.83306409,0.282945169
61,0.14,16.7337807606,6.3041219504,0.5164537933,11.7516778523,6.4889229727,0.5315932829
62,0.14,37.0547263682,19.3239466847,1.3630061075,19.2985074627,10.1907404933,0.7187994129
63,0.14,20.5982905983,9.8583732344,0.8484736746,16.9111111111,8.5837630241,0.7387726942
64,0.14,94.7415865385,14.8501657635,0.7280892789,25.9759615385,7.3153157983,0.3586628654
65,0.14,40.7782864617,21.9415687976,1.315967846,14.4064748201,8.6720978902,0.5201178679
66,0.14,44.5500848896,20.063673967,1.4555718953,33.1157894737,13.132413221,0.9527253898
67,0.14,23.7606837607,12.8097960907,0.9173285514,12.8051282051,7.8015760642,0.5586824661
68,0.14,32.7010309278,18.5273077633,1.3301831766,18.5,9.7938809005,0.7031596697
69,0.14,39.4896030246,19.8155180988,1.3065965705,20.047826087,10.3982594516,0.685640924
1,0.15,16.7377398721,4.7879555593,0.4136163631,10.947761194,5.7851033146,0.4997568092
2,0.15,15.2173913043,5.6531767828,0.4812303656,11.9855072464,7.0669525926,0.6015789547
3,0.15,99.1317058272,1.0453465696,0.048581375,31.2505399568,6.794569259,0.3157704125
4,0.15,99.5809647556,0.572518508,0.0264083095,30.5531914894,5.5944825047,0.2580542352
5,0.15,99.0825350037,0.6182114865,0.0284554901,30.8622881356,6.2075761408,0.2857268517
6,0.15,69.1360136869,23.9663284123,1.3113791451,27.0568862275,10.2349523197,0.5600316741
7,0.15,95.4261585409,7.697150367,0.3724912138,31.2154566745,7.171400718,0.3470484051
8,0.15,98.7027951234,0.7893095207,0.0369628049,30.7127192982,6.0155803245,0.281705359
9,0.15,82.0975326934,11.3098871912,0.5952572206,26.9889196676,7.1334636621,0.3754454559
10,0.15,27.7173913043,18.0911497021,1.1928950855,14.6434782609,8.823576426,0.5818094001
11,0.15,11.2962962963,1.0798059065,0.3414646095,29.9,12.1280666225,3.8352314141
12,0.15,11.9932432432,1.5389245911,0.7694622955,36,11.0453610172,5.5226805086
13,0.15,12.6804123711,1.4796598035,0.6617239809,38.8,6.1773780846,2.762607464
14,0.15,14.4912985274,4.9078256979,0.3809211496,12.9337349398,7.0805482244,0.5495571227
15,0.15,17.1526054591,6.4904911557,0.9000691794,26.3461538462,10.1202094372,1.4034205402
17,0.15,72.7732729236,6.7712480499,0.3803111799,40.1861198738,8.454371674,0.4748448207
18,0.15,17.1212121212,7.3971366659,0.9974297046,17.7272727273,9.1937815851,1.239689256
19,0.15,32.0285714286,22.4582878661,1.0043651665,8.334,6.9269361192,0.3097820008
20,0.15,21.5,15.7202099223,0.7030291601,7.504,6.4387874635,0.2879513292
21,0.15,22,14.4306929133,0.6453602063,6.938,5.3447316116,0.2390236641
22,0.15,18.575,12.0013280515,0.5367157069,7.054,6.1649885645,0.2757066702
23,0.15,15.3111111111,8.3082288526,0.3715552897,6.586,5.1805988071,0.2316834219
24,0.15,26.6444444444,20.8095301055,0.9306304779,9.092,7.5957577634,0.339692614
25,0.15,26.26,22.8344564201,1.0211879357,8.51,7.5544622575,0.3378458228
26,0.15,64.4455205811,24.1652486497,1.4069551717,27.2440677966,10.6666639136,0.6210371834
27,0.15,48.92613934,24.7872802476,1.5708300597,21.281124498,10.9684324853,0.6950961656
28,0.15,36.2951807229,24.0445790981,1.3196177157,16.9457831325,10.9243047388,0.5995491128
29,0.15,35.3348909657,17.9673032232,1.228219563,30.1448598131,13.3672967765,0.9137695959
30,0.15,25.3,14.9599093877,0.6690274866,7.064,6.0593649832,0.2709830401
31,0.15,28.8617886179,17.0568382327,1.0875042856,13.3130081301,8.4562235642,0.5391491225
32,0.15,34.72,21.5991110928,0.9659416131,7.49,6.0353873115,0.269910726
33,0.15,49.7393287716,23.9706825568,1.4350872268,20.3046594982,9.981542813,0.5975793372
34,0.15,30.2728613569,16.5047229906,1.0978778423,12.7345132743,7.5913524383,0.5049692527
35,0.15,27.5880758808,16.3813012412,1.0444336201,13,7.8440076036,0.5001156585
36,0.15,22.975,16.7133741357,0.747444814,7.518,6.8394207357,0.3058681938
37,0.15,22.3984619082,13.9824793527,0.9448483941,13.4885844749,8.8593065535,0.5986564585
38,0.15,51.7112453264,29.8627824547,1.5609526445,18.174863388,11.2289643946,0.5869473715
39,0.15,47.7947662452,29.0715984386,1.5364817205,17.5530726257,10.942267444,0.5783168044
40,0.15,27.380952381,13.0853957503,1.1389375097,18.1590909091,9.0460350811,0.7873562913
41,0.15,42.9339171975,26.5156750469,1.4963661112,16.0477707006,9.8194340386,0.5541427213
42,0.15,47.9413946588,29.3712691952,1.5999549828,15.6023738872,10.9407248498,0.5959792586
43,0.15,64.2771084337,28.5517130721,1.5669788284,23.6837349398,10.9805128823,0.6026339354
44,0.15,21.2348178138,13.4449991239,0.8338234489,12.8038461538,8.2692656529,0.5128380853
45,0.15,43.4116809117,23.072278691,1.5082820419,20.7264957265,9.802863642,0.6408332436
46,0.15,33.3070866142,20.2315384148,1.2694396225,18.8031496063,10.3676809836,0.6505261619
47,0.15,33.7428571429,24.4070749194,1.091517573,8.444,6.7689632884,0.302717241
48,0.15,34.9666666667,24.5650836215,1.098583937,8.312,7.3293011945,0.327776314
49,0.15,14.36,8.4255800987,0.376803397,6.812,5.9090317312,0.2642599326
50,0.15,26.9917582418,15.3500826622,1.0256205389,12.6473214286,7.2503504819,0.4844344185
51,0.15,22.275,15.7642594181,0.7049991135,7.518,6.5569563061,0.2932360005
52,0.15,18.125,10.3644524699,0.4635124054,6.968,5.6825149362,0.2541297936
53,0.15,16.9642857143,6.3191903,0.5092148658,11.4025974026,6.1565290868,0.4961072517
54,0.15,20.2312138728,7.7658489799,0.5904265646,11.9768786127,7.1150363919,0.5409461998
55,0.15,61.0035603026,27.7186185307,1.54710242,24.1152647975,11.6937471912,0.6526813217
56,0.15,18.7533729088,9.5058120795,0.6438148321,11.6880733945,8.3805117399,0.5675998761
57,0.15,72.7673935618,10.8898932714,0.6078145711,39.3426791277,9.3822104643,0.5236639228
58,0.15,68.2165109034,22.9314094742,1.2799064662,29.7258566978,11.9544664927,0.6672332541
59,0.15,67.7040427155,18.6692475604,1.1058707841,31.5298245614,10.413384857,0.6168356834
60,0.15,96.6993488511,2.7893836471,0.1343598825,29.8306264501,6.9416921469,0.3343695451
61,0.15,17.7637130802,7.0605482427,0.5617070585,12.082278481,7.0629763779,0.5619002305
62,0.15,40.5945945946,21.0671933928,1.4139374412,20.6936936937,10.6206434993,0.7128109195
63,0.15,24.8481781377,13.9924345226,1.1349363067,18.2565789474,9.5741542917,0.7765664577
64,0.15,95.9605414747,12.0544854309,0.5786338173,25.5092165899,6.4114786057,0.3077608216
65,0.15,37.6577159495,21.145583159,1.2614397343,12.8861209964,8.208656977,0.4896874207
66,0.15,46.7741935484,20.0907083696,1.3897033569,33.8277511962,13.9845778082,0.9673334741
67,0.15,23.0152143845,13.2340790144,0.8524819691,12.2074688797,7.6298242493,0.4914801848
68,0.15,34.7336683417,19.8831870622,1.4094817604,19.4974874372,11.3127643352,0.8019406014
69,0.15,40.3325986776,19.2717367166,1.3082507336,18.8986175115,10.1094858009,0.6862766138
1,0.16,16.9706180344,5.07142551,0.4270910736,12.4184397163,8.0125398426,0.6747775821
2,0.16,14.7675853558,5.1996756009,0.4348187176,11.6853146853,7.0823523219,0.5922560541
3,0.16,99.3323795899,0.9222056393,0.0427203513,30.5407725322,6.2918513487,0.2914643854
4,0.16,99.6850140619,0.4867436116,0.0223333286,30.5431578947,6.0195934927,0.2761978917
5,0.16,99.1823491239,0.5451447271,0.0251724446,30.1407249467,5.524265555,0.2550868823
6,0.16,72.392124005,23.4088307245,1.2676592555,27.5161290323,10.4711811312,0.5670462499
7,0.16,96.8612135677,2.4074734957,0.1176127767,30.3293556086,6.7333368844,0.3289450324
8,0.16,98.8099910794,0.8343242631,0.0382814226,30.0189473684,6.0236078494,0.2763820831
9,0.16,82.4691828695,11.8998350363,0.6220143417,27.1857923497,6.6745921715,0.3488865218
10,0.16,29.8051948052,19.624862066,1.291221126,15.1515151515,9.7362839409,0.6406004521
11,0.16,12.2685185185,2.4823623368,0.8776476208,25.25,5.1417409503,1.8178799465
12,0.16,12.4324324324,2.7562267641,1.2326220812,46.2,7.833262411,3.5031414473
13,0.16,10.4810996564,0.242992021,0.1402915088,38,12.3288280059,7.118052168
14,0.16,13.2867132867,3.998346645,0.3343585435,11.3356643357,6.9523292429,0.581382978
15,0.16,20.223325062,7.9725622246,0.9888746395,29.6307692308,10.775426789,1.3365272019
17,0.16,74.8644811564,6.9114148268,0.3912818141,39.9166666667,8.2348994151,0.4662093743
18,0.16,16.6666666667,5.7863756236,0.7732369677,16.8392857143,7.5066084831,1.0031127529
19,0.16,34.7428571429,25.1906040144,1.1265580594,8.842,7.2788073199,0.3255181592
20,0.16,23.325,17.2302604449,0.7705606725,7.796,7.1466344527,0.3196072089
21,0.16,22.9428571429,14.447399314,0.6461073393,7.346,5.7430204597,0.2568356829
22,0.16,20.05,13.2946417778,0.594554455,7.16,5.982173518,0.2675309328
23,0.16,16.5777777778,9.9748820346,0.4460902859,7.09,5.7377608873,0.2566004677
24,0.16,26.0444444444,20.5410278993,0.9186226942,8.172,6.746437282,0.3017098474
25,0.16,28.66,22.9957474329,1.0284010891,9.188,8.0067881201,0.3580744504
26,0.16,67.3894834807,21.9639722046,1.2535501053,27.8729641694,10.2394850496,0.5843982793
27,0.16,50.8078730905,25.0424719763,1.4555641178,20.5236486486,10.8639987007,0.6314570981
28,0.16,39.1746031746,24.6296631601,1.3877243075,16.8222222222,10.3168908268,0.5812909452
29,0.16,39.755351682,19.4461090292,1.3170566928,30.380733945,12.8847038042,0.8726622562
30,0.16,26.8333333333,16.0026039548,0.7156582052,7.278,5.8628249164,0.2621935011
31,0.16,30.861423221,19.9470465643,1.2207394251,14.0674157303,9.1620423849,0.5607078881
32,0.16,37.84,24.168872543,1.0808648389,8.02,6.9598563204,0.3112542369
33,0.16,52.9420921544,26.1504615833,1.5303400117,21.1609589041,10.9211738122,0.6391133559
34,0.16,31.6052227343,17.0807639479,1.1595178106,13.0322580645,8.3948563892,0.5698799849
35,0.16,29.3807641634,17.7280842265,1.114555106,13.3557312253,8.7539904373,0.5503586634
36,0.16,24.8,17.9223324375,0.8015110729,8.056,6.7915288411,0.3037264032
37,0.16,23.6525047559,15.1906490002,0.9626682653,13.7550200803,8.506094254,0.5390518206
38,0.16,55.6847920907,30.3307862838,1.5941507348,19.2541436464,10.8679439908,0.5712064546
39,0.16,48.0894015862,29.7998619984,1.559796066,17.1287671233,11.0313312135,0.5774062655
40,0.16,30.5094130676,16.5416591317,1.2612896843,17.5813953488,8.9051397705,0.6790105418
41,0.16,44.5461783439,26.2735536072,1.4827024079,16.1847133758,10.0643291745,0.5679629533
42,0.16,56.5681137725,30.4618706354,1.6667994022,18.4341317365,10.6053385746,0.5802983083
43,0.16,68.2261904762,28.9711889685,1.5805079336,23.9464285714,11.017982557,0.6010802271
44,0.16,24.4788441692,16.0722435304,1.0064829311,13.9607843137,8.8352253637,0.553283274
45,0.16,43.0047425474,21.6956206393,1.3832622495,20.1097560976,9.909762901,0.6318234058
46,0.16,35.652173913,20.7558164908,1.3049070026,20.4782608696,10.8669878367,0.6832016718
47,0.16,36.5714285714,26.2888196923,1.1756717576,9.012,7.4584084093,0.3335501641
48,0.16,34.9333333333,24.3970854361,1.0910708298,8.108,7.3034468575,0.3266200729
49,0.16,15.26,9.387885811,0.4198390168,6.934,5.8073784103,0.2597138579
50,0.16,28.1833060556,15.6639337297,1.0218023706,12.9234042553,8.5643052597,0.5586736747
51,0.16,23.8,16.5962345127,0.7422061708,7.638,6.3127613609,0.2823152706
52,0.16,19.45,12.9353198646,0.5784850906,7.11,5.7621089889,0.2576893479
53,0.16,15.8376963351,5.7830966842,0.4184501901,11.1204188482,6.179780561,0.447153228
54,0.16,20.6896551724,8.1780738506,0.5739882592,11.9753694581,7.1895096153,0.5046046519
55,0.16,62.0362473348,29.0865749355,1.5891693517,23.9582089552,12.0470984833,0.6582033027
56,0.16,20.2555230237,9.6967676968,0.6522751819,12.2081447964,6.1726389919,0.4152166317
57,0.16,75.4703585375,9.2533749543,0.5230316762,38.8115015974,8.2566419375,0.4666929951
58,0.16,70.5634920635,23.1673504633,1.305332321,28.8126984127,10.1977198208,0.5745764197
59,0.16,71.7528893781,19.0304789033,1.0705480781,31.1930379747,9.463324389,0.5323535886
60,0.16,97.1765050106,4.6405440706,0.2209782891,28.5238095238,5.9185706432,0.2818366973
61,0.16,17.4178403756,6.3220107115,0.5305313536,11.8098591549,6.797817689,0.5704601882
62,0.16,40,22.2414923664,1.4633827601,19.5367965368,10.2081024667,0.671643832
63,0.16,24.922037422,13.6749463225,1.1240736634,16.9054054054,9.1017802222,0.7481617256
64,0.16,96.4466292135,13.1607643765,0.6238800644,25.0561797753,7.0413857653,0.3337936976
65,0.16,44.9743918054,23.8347807156,1.414334029,14.3274647887,8.6526365303,0.5134395165
66,0.16,50.8777194299,20.3546854118,1.3881780233,34.9813953488,13.4641514696,0.9182475088
67,0.16,25.8689458689,15.5839153731,1.0187524178,13.4658119658,8.6346119476,0.5644622412
68,0.16,37.4871794872,20.6503721473,1.3499570582,19.1538461538,10.0729097508,0.65848671
69,0.16,41.9636493229,20.5207193175,1.3137044377,20.0819672131,10.0495413515,0.6433559597
1,0.17,16.7658730159,4.6351771374,0.3862647614,11.3888888889,7.0475676568,0.5872973047
2,0.17,16.4705882353,6.9600938625,0.5682892842,12.7733333333,7.1843781143,0.5866020166
3,0.17,99.3986474919,0.8891234673,0.0409252248,30.0042372881,6.3242189049,0.2910957701
4,0.17,99.7439860129,0.4297711504,0.0194349232,30.3926380368,5.5004393758,0.2487384667
5,0.17,99.2451433858,0.5782268241,0.0266716145,29.7531914894,5.9267461226,0.273380413
6,0.17,74.7546678246,22.6505737288,1.2487665528,27.8753799392,9.5929131925,0.5288744242
7,0.17,97.2549455435,2.1197081686,0.1048128233,29.9535452323,6.154513592,0.3043211113
8,0.17,98.9190049892,0.7260886116,0.0331758355,29.9853862213,5.8432727595,0.266985947
9,0.17,84.9921677311,6.8527976884,0.3487982186,26.9404145078,6.6120531983,0.3365446467
10,0.17,32.75,20.9249651533,1.3507006926,15.575,9.6890509511,0.6254255496
11,0.17,11.1111111111,1.3733700902,0.4342977555,24.3,5.9,1.8657438195
12,0.17,12.5482625483,1.3921047396,0.5261661343,32.1428571429,5.7427860692,2.1705691103
13,0.17,11.5120274914,0.242992021,0.1402915088,32.3333333333,5.3124591502,3.0671497204
14,0.17,15.6732891832,6.0685214935,0.4938492753,11.7814569536,6.3495257577,0.516717078
15,0.17,18.4198223469,8.035974726,0.9674176728,26.4347826087,10.8219828086,1.3028136325
17,0.17,77.1952738818,7.6314352276,0.417573557,39.7934131737,9.1105560787,0.4985074491
18,0.17,16.9270833333,5.5646355919,0.6221451727,17.1375,9.0688253787,1.0139255011
19,0.17,36.7714285714,25.7480888928,1.1514895411,9.126,7.8132019045,0.3494170116
20,0.17,23,16.5,0.7379024326,7.528,6.4477295229,0.2883512303
21,0.17,24.0571428571,15.2271508316,0.6809788873,7.72,6.1039003924,0.2729747241
22,0.17,20.375,13.3761681733,0.5982004263,7.322,6.4269989886,0.2874241326
23,0.17,16.3555555556,9.7196250499,0.4346748465,6.948,5.2357708124,0.234150789
24,0.17,28.1111111111,22.4353667011,1.0033401009,8.324,6.68363853,0.2989014018
25,0.17,32.16,25.8946789901,1.1580452495,9.722,7.8692258831,0.3519224801
26,0.17,70.3615520282,22.1335030185,1.2296390566,27.4969135802,9.6335635167,0.5351979731
27,0.17,50.9071004066,26.1694546853,1.5695395908,20.0071942446,10.155621049,0.6090936742
28,0.17,37.0066889632,24.8605466151,1.4377225324,16.2842809365,10.5533896852,0.6103182838
29,0.17,42.7733333333,20.6827292418,1.3080906527,30.784,12.5698585513,0.7949876578
30,0.17,27.5333333333,17.1504454105,0.7669912356,7.47,5.8529565179,0.2617521729
31,0.17,35.3601953602,21.1657242357,1.2810079056,15.1721611722,9.0036436306,0.544925302
32,0.17,38,24.2816803372,1.0859097568,7.76,6.2384613488,0.278992473
33,0.17,57.5806929227,25.3227886152,1.4452478832,22.1302931596,10.3877258241,0.5928588271
34,0.17,34.9392361111,18.7680255915,1.3544655784,14.0989583333,8.356983043,0.6031133012
35,0.17,29.7692307692,18.22315828,1.1301523003,12.5615384615,8.1655974826,0.5064088583
36,0.17,25.525,18.0461041502,0.8070463122,8.08,6.7561527514,0.3021443364
37,0.17,25,16.0679930813,1.0042495676,13.86328125,8.7785727333,0.5486607958
38,0.17,58.5992540406,31.110600314,1.5938443364,19.5249343832,11.3383900781,0.5808833204
39,0.17,51.6171714202,30.6383756651,1.61928847,17.8156424581,10.4744744808,0.5535931781
40,0.17,28.4552845528,14.1783735339,1.1071449661,16.8170731707,8.6195014976,0.6730699872
41,0.17,48.1356534091,27.4736746439,1.4643517787,16.96875,9.8944222479,0.5273744778
42,0.17,58.316395664,31.2511245676,1.6268685623,18.0298102981,10.5618159837,0.5498261782
43,0.17,71.675070028,27.6518120894,1.4634890889,23.8907563025,10.2949145064,0.5448646549
44,0.17,24.4179221287,16.4507151511,1.0030178051,13.5092936803,9.0916904677,0.5543301512
45,0.17,48.8478535354,23.8404466768,1.4672780635,20.7765151515,9.8153046839,0.604090244
46,0.17,36.8429752066,22.3307253269,1.4354733916,19.3925619835,10.5606682209,0.6788654648
47,0.17,36.2571428571,26.2661262419,1.1746568756,8.75,7.7717115232,0.3475615053
48,0.17,37.8333333333,25.3919278512,1.1355615351,8.494,7.316690782,0.3272123592
49,0.17,15.62,9.4559822335,0.4228843814,6.902,5.7910617334,0.258984154
50,0.17,29.6577946768,17.3276476926,1.0684685294,12.8783269962,8.4327143296,0.5199834414
51,0.17,23.875,17.4010595942,0.7781990427,7.66,6.4770672376,0.2896632528
52,0.17,18.925,12.1308233439,0.5425069124,6.674,5.1760722561,0.2314809884
53,0.17,17.9840686275,8.6187667795,0.6034343735,12.3137254902,7.8770956031,0.5515070047
54,0.17,21.3863060017,7.7178104551,0.5720821726,11.8681318681,6.3811342669,0.4730011415
55,0.17,68.7552213868,27.323939683,1.4775094421,25.3040935673,11.0021760566,0.5949295451
56,0.17,20.5749268033,11.5175588661,0.7747548503,12.3981900452,8.2332949689,0.5538313531
57,0.17,75.9603256507,10.7837376382,0.6000232128,37.0897832817,8.4480558675,0.4700624026
58,0.17,69.8667711599,24.7748853883,1.3871272789,28.3761755486,10.6401468003,0.5957338509
59,0.17,73.1225296443,18.393537319,1.012530905,30.8818181818,9.9970284841,0.550318306
60,0.17,97.6963773973,4.6017425799,0.2196291904,28.8496583144,5.9473922711,0.283853546
61,0.17,17.4658869396,7.3930300607,0.565359139,11.1111111111,7.2276632676,0.5527132242
62,0.17,43.7911646586,22.0263752596,1.3958648153,20.8032128514,9.8330149216,0.6231420012
63,0.17,28.0964797914,15.0538248675,1.1315147668,19.0169491525,10.1310478631,0.7614961886
64,0.17,97.9775280899,9.4850851614,0.4496361588,25.2494382022,6.4444580075,0.3054966081
65,0.17,45.3581753935,24.3896866899,1.4498163851,13.8021201413,7.7215038009,0.458995758
66,0.17,56.1850738108,20.6703248982,1.3455235441,34.0677966102,12.0442185396,0.7840118476
67,0.17,26.6386554622,14.5071269282,0.9403573693,13.4369747899,7.796399358,0.5053655094
68,0.17,39.6333333333,21.2822043553,1.373760384,20.375,11.4586666618,0.7396537525
69,0.17,42.3699914749,21.7858515377,1.3642829435,19.2,9.3088193476,0.5829408797
1,0.18,17.3326673327,5.8822413986,0.4918977371,11.6083916084,6.6427677325,0.5554961441
2,0.18,15.6985294118,6.6655739985,0.5269598937,11.98125,6.7263213154,0.5317623908
3,0.18,99.5252958772,0.7310337199,0.0338644831,29.5901287554,6.0948713035,0.282339461
4,0.18,99.7674019263,0.4442253809,0.0200885661,29.8323108384,5.8271365547,0.2635122238
5,0.18,99.3138873601,0.4741033644,0.0217762887,29.3122362869,5.7610266735,0.2646127189
6,0.18,79.7416829746,19.84227234,1.0385920021,28.3178082192,9.5437183309,0.4995410485
7,0.18,97.5302350863,4.5848933371,0.2171009917,29.5784753363,6.2976886221,0.2982041991
8,0.18,99.0337564712,0.622134636,0.0284557759,29.6652719665,5.6746598731,0.2595529012
9,0.18,85,10.2417686932,0.5253916483,26.6552631579,6.972094655,0.3576609092
10,0.18,32.7181208054,21.0781799887,1.2210261825,16.0234899329,10.6084738148,0.6145323881
11,0.18,13.7566137566,2.9666218905,0.7928630507,36,13.5593931596,3.6239002554
12,0.18,12.0582120582,1.7143890335,0.4754859667,32.5384615385,8.270572342,2.2938440505
13,0.18,11.8556701031,1.8151357589,0.8117533891,35,4.2895221179,1.9183326093
14,0.18,15.0362318841,6.2671152385,0.4620178651,12.1902173913,8.1987347882,0.6044187476
15,0.18,19.8732718894,9.5100761631,1.0376343781,25.4285714286,10.3719926385,1.1316771756
17,0.18,79.074020037,5.8814577549,0.3166470413,38.8695652174,7.4877930486,0.4031292264
18,0.18,17.4632352941,6.9375626705,0.8413030493,15.3676470588,7.1164771766,0.86299962
19,0.18,38.2571428571,26.5357517785,1.1867148962,9.222,7.5678739419,0.3384456116
20,0.18,24.55,18.5350343944,0.8289119374,7.884,6.3760915928,0.2851474846
21,0.18,25.2571428571,17.4389664551,0.779894289,7.778,6.3608738393,0.284466926
22,0.18,21.15,14.0819920466,0.6297658295,7.442,5.9166406009,0.2646002116
23,0.18,17.4,10.7820381041,0.4821874027,7.186,5.8647595006,0.2622800183
24,0.18,29.9555555556,23.5900795219,1.0549804281,9.224,7.2821579219,0.3256680027
25,0.18,33.24,27.0167059428,1.2082238203,9.96,8.4322239059,0.3771005171
26,0.18,73.0092983939,20.1465116737,1.0958257709,26.8372781065,9.6362926984,0.524145224
27,0.18,58.7179106692,24.8003991107,1.4488547861,22.7064846416,10.8889457174,0.6361390012
28,0.18,40.1577287066,24.9505576431,1.4013629313,16.3974763407,9.9497028444,0.5588309866
29,0.18,46.8503401361,20.3812929683,1.3021130442,33.1306122449,13.9412499671,0.8906737891
30,0.18,27.4333333333,18.0176148378,0.8057722314,7.488,6.4956797951,0.2904956316
31,0.18,32.6444444444,20.1026870018,1.1606291752,13.3866666667,8.5098269992,0.4913150909
32,0.18,39.24,24.7592891659,1.107269073,7.82,6.7477107229,0.3017667974
33,0.18,62.6602564103,26.4800952649,1.4991401865,23.0256410256,10.4956943052,0.594201681
34,0.18,33.8585434174,19.7886137395,1.282705311,13.3949579832,8.5766131955,0.5559392609
35,0.18,31.8466898955,20.3177553967,1.1993191802,13.9337979094,8.775905834,0.5180253421
36,0.18,26.5,19.029582234,0.8510287892,8.354,6.8644507428,0.3069875698
37,0.18,25.1987883378,16.0103147903,0.9602348703,13.9784172662,8.0969553083,0.4856231081
38,0.18,62.5759731023,31.5164092273,1.5622104061,19.9164619165,11.0332488021,0.5468978387
39,0.18,56.738324685,31.7180799247,1.6834208918,18.6507042254,10.9161577262,0.5793694958
40,0.18,29.5566502463,15.3963107318,1.2785940127,16.3448275862,8.1048127978,0.6730680679
41,0.18,51.1082848837,29.6313789074,1.5976168807,17.1162790698,10.3465179005,0.5578468591
42,0.18,57.8293010753,31.0954635136,1.6122246794,18.2715053763,11.1241259119,0.5767590608
43,0.18,75.3573407202,25.253227382,1.3291172306,24.6398891967,9.6189427601,0.5062601453
44,0.18,27.4291497976,18.537415544,1.1496417085,14.0307692308,8.2931282597,0.5143179813
45,0.18,49.8737373737,22.7521608957,1.4002987038,21.3181818182,10.183407614,0.6267454132
46,0.18,44.6848249027,22.8252940807,1.4238027257,21.7587548638,9.7304213884,0.6069670098
47,0.18,41.0571428571,28.7356849899,1.2850989003,10.14,8.4392179732,0.3774133013
48,0.18,41.0666666667,28.0708627109,1.2553671442,9.154,8.0780123793,0.3612596961
49,0.18,16.04,10.2136379415,0.4567677747,7.352,5.9986745203,0.26826888
50,0.18,32.1521175454,18.1799980739,1.1125978137,13.7602996255,7.9767121666,0.4881668568
51,0.18,25.5,19.0328663107,0.8511756575,8.06,7.3797289923,0.3300315136
52,0.18,20.025,13.6450311469,0.610224344,6.674,5.692426899,0.2545730701
53,0.18,17.2697368421,8.115405586,0.5887534013,11.4105263158,6.3693257296,0.4620794546
54,0.18,22.6199543031,10.1151482907,0.7116993502,12.0148514851,7.4464941068,0.523933497
55,0.18,71.2208151959,26.6717191709,1.4037746932,24.7894736842,9.8978158703,0.5209376774
56,0.18,21.9486913708,10.93615096,0.7258578331,13.3392070485,7.6811116398,0.5098132854
57,0.18,78.6446591519,6.0519421848,0.3258256145,37.5014492754,8.0365558409,0.432673622
58,0.18,77.3970588235,19.4309786816,1.0537927753,29.9441176471,9.7407479836,0.5282662299
59,0.18,78.3162558848,15.9437159554,0.8997559444,31.372611465,8.5684587609,0.4835461022
60,0.18,98.2867383513,1.8028923233,0.0849891592,28.6466666667,6.7380874306,0.3176364876
61,0.18,18.59437751,7.4557235128,0.5786763724,12.9397590361,7.9982669773,0.6207859119
62,0.18,44.9802371542,22.1683195583,1.3937103096,20.5415019763,9.8656617385,0.6202488393
63,0.18,28.456959707,16.7552233866,1.292693549,19.2142857143,10.6609785004,0.8225123482
64,0.18,98.3251633987,8.7251593381,0.4072555617,24.3877995643,6.5144337277,0.3040677269
65,0.18,47.6398601399,25.4175302893,1.4389842906,14.1057692308,8.6937771761,0.4921882118
66,0.18,58.1267903849,22.7087477756,1.4110529292,35.3552123552,13.9974239857,0.8697576067
67,0.18,28.3989501312,15.9880226041,1.0031777596,13.4330708661,7.9363516789,0.4979709933
68,0.18,40.6265060241,21.8397104388,1.3840354129,20.2690763052,11.1302929537,0.705353656
69,0.18,46.2358315006,21.2577711973,1.3260233348,20.1439688716,10.0449714759,0.6265881051
1,0.19,17.3794358508,5.7727832304,0.4607182583,11.3503184713,5.9186268011,0.4723578424
2,0.19,15.3594771242,6.6026013098,0.4921288452,11.55,6.9380392683,0.5171309145
3,0.19,99.644985419,0.6614225995,0.0302527655,29.3807531381,6.0942223356,0.2787432416
4,0.19,99.8248029033,0.3460657442,0.0156656602,30,6.3122311662,0.2857412789
5,0.19,99.3360995851,0.4636583736,0.0211190602,29.4170124481,6.1152792281,0.2785433362
6,0.19,80.9970674487,19.5976477968,1.0612721288,27.6187683284,8.9154450784,0.4827984192
7,0.19,97.8286264001,4.5985564031,0.2189788763,29.0589569161,6.3084845721,0.3004040272
8,0.19,99.1349237112,0.6204120959,0.0282883566,29.2058212058,5.4906126088,0.2503503857
9,0.19,85.7988523105,9.0128890233,0.4593393577,26.6831168831,6.8001795736,0.3465692421
10,0.19,33.0769230769,21.1496832401,1.2800370604,15.4468864469,9.6114019312,0.5817085076
11,0.19,12.3971193416,1.9060707113,0.4492651751,27.9444444444,5.5724742382,1.3134447739
12,0.19,13.4684684685,2.6966900085,0.6962823662,34.0666666667,7.7585794805,2.0032566079
13,0.19,13.3161512027,2.5844688929,1.0551050073,38.8333333333,15.4425458465,6.3043929423
14,0.19,15,6.1947143273,0.4617267446,12.0277777778,7.4015242841,0.5516770479
15,0.19,19.8130498534,7.8789083052,0.8398944474,25.4204545455,10.5816324472,1.128005809
17,0.19,80.0048878612,7.580342436,0.4011942656,37.4705882353,7.2650772765,0.384508664
18,0.19,17.9487179487,7.3787592521,0.8354799642,16.1923076923,7.914701822,0.8961635105
19,0.19,38.6,28.8882293663,1.2919208923,9.17,8.1162244917,0.3629685937
20,0.19,26.35,19.089984285,0.853730051,8.094,6.615524469,0.2958552484
21,0.19,25.0571428571,16.5213776171,0.7388584687,7.122,5.5168030597,0.2467189332
22,0.19,21.25,14.1531798547,0.6329494451,7.408,6.235185322,0.2788459646
23,0.19,17.0888888889,10.4264383796,0.4662844996,7.102,5.292220328,0.2366752881
24,0.19,30.0222222222,22.9039756105,1.0242969284,8.594,6.6580150195,0.2977554836
25,0.19,36.8,28.2446455103,1.2631389472,10.79,8.57519096,0.3834941981
26,0.19,77.4840085288,17.6493920241,0.9642892964,27.8865671642,8.8445428916,0.4832289991
27,0.19,61.2797374897,24.7794300301,1.3895614355,22.9182389937,10.0561121021,0.5639187645
28,0.19,43.0791788856,27.9697607014,1.5146474612,17.2287390029,10.9916201562,0.5952296032
29,0.19,48.7812911726,21.0765703923,1.3250726276,32.2766798419,13.893245211,0.8734608428
30,0.19,29.2,18.4578799794,0.8254614871,7.442,6.1522870544,0.2751386414
31,0.19,37.3114754098,22.2107695413,1.2717849643,14.7114754098,8.9955562501,0.5150840525
32,0.19,40,24.7224594246,1.1056219969,7.808,6.452839375,0.2885797498
33,0.19,64.7267063155,25.1543593269,1.4039794279,22.5638629283,10.0368388133,0.5602017142
34,0.19,33.2325268817,17.5102673228,1.1119030869,12.8669354839,7.2542003603,0.4606421835
35,0.19,33.8590203106,20.5626365135,1.2310528472,13.9964157706,8.2750643298,0.4954151427
36,0.19,28.05,20.0330352169,0.8959045708,8.778,6.9994796949,0.3130262481
37,0.19,25.6578947368,15.9363332755,0.9662821379,13.5441176471,8.4829999957,0.5143574265
38,0.19,62.570130911,31.7975848058,1.6019391798,19.269035533,10.8587472323,0.5470557824
39,0.19,59.3574846206,31.1745147173,1.588800387,18.7480519481,10.2169404828,0.5207035022
40,0.19,32.649302815,16.7005150831,1.2413395101,18.0552486188,9.7972392982,0.728223062
41,0.19,55.2658839779,29.0266105366,1.5256047793,17.3480662983,9.8989568688,0.5202776222
42,0.19,60.3902284264,31.6880842342,1.5964226207,17.7284263959,9.8129642862,0.4943699987
43,0.19,79.1052631579,24.9749237117,1.2811865537,25.2026315789,10.179881781,0.5222169167
44,0.19,27.8815317865,18.7590153963,1.1230728753,14.3189964158,8.9110718693,0.5334919182
45,0.19,51.8303571429,22.8013438381,1.3626409243,21.9607142857,10.3641841828,0.6193784724
46,0.19,44.6461538462,24.4385765475,1.5156161779,20.8730769231,10.9007430125,0.6760353832
47,0.19,38.0857142857,26.9483406024,1.2051664294,8.972,7.2434257089,0.3239358455
48,0.19,40.6666666667,26.8865931068,1.2024049974,8.52,7.0912340252,0.3171296265
49,0.19,17.44,11.4650076319,0.5127307286,7.934,6.6481308651,0.2973134508
50,0.19,31.8723911747,17.723869326,1.1034399066,13.011627907,7.3760993442,0.4592158869
51,0.19,26.775,20.1472547758,0.9010126248,8.176,6.9648419939,0.311477203
52,0.19,19.675,12.7752446161,0.5713263078,7.368,5.9780076949,0.2673446315
53,0.19,18.023989899,7.8245271416,0.5560649306,12.2525252525,6.8192292499,0.4846215204
54,0.19,23.3959588798,10.8864177577,0.7390181916,12.8156682028,7.1895426901,0.4880579595
55,0.19,75.1674107143,24.8140647867,1.2662874411,25.5572916667,9.5550406068,0.4876036241
56,0.19,22.3289315726,11.4223655813,0.7297481687,13.3551020408,7.7116678422,0.4926803861
57,0.19,79.6639231824,8.6392217551,0.4611275433,36.6096866097,8.0311940027,0.4286734228
58,0.19,80.4928571429,17.3325649032,0.9264645643,29.4742857143,8.9182427115,0.4767001246
59,0.19,78.099378882,17.3088373072,0.925196271,31.2285714286,9.4735291788,0.5063814347
60,0.19,98.5349748951,1.6935239359,0.0781996696,28.0938166311,5.9821825121,0.2762315228
61,0.19,18.4879725086,7.3843991855,0.5301689642,12.0773195876,7.3722243444,0.5292948615
62,0.19,48.4787644788,22.7516924742,1.4137213829,21.4324324324,10.5390554344,0.6548650409
63,0.19,31.0989010989,16.2183804751,1.2259943259,18.8857142857,9.1037556726,0.688179243
64,0.19,98.4652777778,9.0360779152,0.4259647979,23.92,5.9046347145,0.2783471498
65,0.19,49.3174557072,26.0216769172,1.4708321411,15.1341853035,9.045565206,0.5112855748
66,0.19,60.7280781463,22.145745718,1.3141082413,34.1866197183,12.0922378133,0.7175423022
67,0.19,29.0305444887,17.151989528,1.0826239792,13.2669322709,8.0800564911,0.5100086434
68,0.19,44.32,23.8292593255,1.5070946885,21.132,10.8492661503,0.6861678395
69,0.19,50.371541502,21.083784967,1.2714000708,21.8654545455,9.591288058,0.5783764317
1,0.2,16.927592955,4.7301886361,0.3914731969,11.3493150685,6.6503604452,0.5503877466
2,0.2,15.8319327731,6.7045132445,0.5068135631,11.4971428571,7.1216966564,0.5383496647
3,0.2,99.6840747905,0.6199136804,0.0285944858,29.0446808511,5.7711796246,0.2662046655
4,0.2,99.8714673104,0.3248488452,0.0147203063,29.2997946612,5.9076100261,0.2676993633
5,0.2,99.3684022186,0.4576265388,0.0207583613,28.7757201646,5.5099150244,0.249934821
6,0.2,80.818452381,20.4760985515,1.0449165286,27.1302083333,9.04581648,0.4616173892
7,0.2,97.923050732,6.0315186497,0.2859214052,28.2179775281,6.1362536936,0.2908863224
8,0.2,99.1810283435,0.5806528161,0.0266141782,29.2016806723,5.9688685807,0.2735826428
9,0.2,86.3306849156,8.8009435968,0.4394981501,26.7256857855,7.4582504545,0.3724472543
10,0.2,35.6513409962,21.9751925643,1.3602302716,16.153256705,9.8143435832,0.6074926169
11,0.2,12.7777777778,2.4660474513,0.636730714,28.6666666667,7.3906848277,1.908266617
12,0.2,18.8063063063,5.5637924897,2.2714087724,43.5,11.9965272753,4.8975617516
13,0.2,11.3402061856,1.5677223016,0.3919305754,32.8125,6.9121157217,1.7280289304
14,0.2,15.5613728912,6.4372965738,0.4657864328,12.2670157068,7.4177451729,0.5367292036
15,0.2,21.2962962963,9.3579261458,0.9004668632,25.287037037,9.7354363462,0.9367927992
17,0.2,82.2822439451,7.3940045546,0.3854391318,37.8315217391,7.6299528369,0.3977387863
18,0.2,17.032967033,6.8687423416,0.7200398444,15.9340659341,8.1534758957,0.8547165148
19,0.2,41.8857142857,28.7543288666,1.2859326799,9.524,7.7666868097,0.3473367933
20,0.2,26.125,20.3174032544,0.9086218961,8.196,7.1300479662,0.3188654387
21,0.2,25.5428571429,17.9742219042,0.8038316404,7.636,6.5157888241,0.2913949348
22,0.2,22.825,16.3541088109,0.7313779803,7.634,6.6199731117,0.2960541977
23,0.2,17.8222222222,10.8592794704,0.4856417417,7.332,5.8139294801,0.2600068307
24,0.2,33.2444444444,25.0922643138,1.1221601743,9.538,7.5413895271,0.3372611925
25,0.2,35.5,28.106049171,1.2569407305,10.19,8.1492269572,0.3644445088
26,0.2,78.9223057644,17.0803246189,0.9235981777,27.4239766082,8.4010448027,0.4542764756
27,0.2,60.3694957633,26.4865668291,1.4971092725,21.6741214058,10.405632596,0.5881611289
28,0.2,46.849112426,27.0338000541,1.4704448723,17.5887573964,9.9242452023,0.5398077754
29,0.2,50.44921875,21.2587814637,1.3286738415,31.90234375,12.1794137588,0.7612133599
30,0.2,28.1333333333,17.1808679124,0.7683517713,7.406,5.6523591535,0.252781186
31,0.2,39.5238095238,22.7759802399,1.3283221424,15.5544217687,9.2159705458,0.5374863172
32,0.2,42.28,27.8639839219,1.2461152435,8.158,6.8976108907,0.3084705367
33,0.2,67.4922600619,25.4297637844,1.4149499068,22.6408668731,9.5564706747,0.5317362523
34,0.2,35.6812169312,20.1337297151,1.2683057569,13.9404761905,8.9051677397,0.5609728386
35,0.2,37.9067121729,22.4178020841,1.3096619816,15.566552901,9.5452849569,0.5576415014
36,0.2,29.175,21.9461129816,0.9814600094,8.414,7.1460901198,0.3195828656
37,0.2,26.7420311342,17.8895506699,1.0615495304,14.1373239437,9.3348590155,0.5539219731
38,0.2,68.5513288171,31.7907527757,1.5816490658,20.4900990099,10.6018119594,0.5274598592
39,0.2,64.3682850537,31.3589191993,1.5940634484,20.2041343669,10.5535270792,0.5364659305
40,0.2,35.7413419913,18.358735698,1.3838417713,18.4715909091,8.9079439632,0.6714615404
41,0.2,55.9409340659,29.1593047786,1.5283628524,17.6236263736,10.2154586603,0.5354355207
42,0.2,66.1363636364,31.1013880723,1.5850735081,18.8155844156,10.4187526354,0.5309888019
43,0.2,80.4071246819,26.9304475968,1.3584613806,24.1984732824,10.1628619774,0.5126485723
44,0.2,29.350877193,20.7949951954,1.2005996074,14.94,9.962416039,0.5751803582
45,0.2,55.7347670251,23.059770784,1.3805523654,22.0716845878,10.1749157981,0.609156275
46,0.2,43.7859531773,24.9865717116,1.4450107519,21.1672240803,11.7839580878,0.681483892
47,0.2,42.6,29.3107071054,1.3108146711,9.208,7.2894949071,0.3259961227
48,0.2,42.7,28.8971163498,1.2923183302,8.626,6.8942094543,0.3083184198
49,0.2,17.32,11.6797945187,0.5223362901,7.624,6.3948904604,0.2859881956
50,0.2,34.0165025286,17.7251911713,1.0426583042,13.6297577855,8.314198487,0.4890704992
51,0.2,28.175,21.7711247987,0.9736342999,8.64,7.549198633,0.3376104264
52,0.2,19.775,13.4819091749,0.6029293076,7.088,6.1540438737,0.2752172088
53,0.2,18.3179723502,8.4639204205,0.5745683569,11.9078341014,8.1642574627,0.5542259098
54,0.2,23.6626317845,11.3892192325,0.811448272,12.4416243655,7.0834685215,0.5046762358
55,0.2,77.9621297338,24.2460297146,1.2421617311,25.5774278215,9.6898038626,0.49642369
56,0.2,22.703379224,13.0260385028,0.8497250596,12.829787234,8.0300476905,0.5238225536
57,0.2,81.5616594248,7.2038945954,0.38073766,35.9720670391,7.0887669166,0.3746529731
58,0.2,79.7393048128,19.7040830359,1.0188738781,28.5481283422,8.9045193251,0.4604417328
59,0.2,80.3981436248,15.5939090862,0.8264755286,30.5730337079,8.8137885341,0.4671298581
60,0.2,98.6844867399,1.65150017,0.0769180313,27.4273318872,5.7874154029,0.2695468079
61,0.2,19.3570219966,9.465912516,0.6744183422,12.8781725888,8.0824043208,0.5758474647
62,0.2,48.6188679245,23.7428444562,1.4585113409,21.3132075472,10.7350604877,0.6594495236
63,0.2,29.1325695581,16.5428320045,1.2065100248,18.4414893617,10.2693399234,0.7489685903
64,0.2,98.0392156863,11.9066111529,0.5557530155,24.0653594771,6.4841081439,0.3026522499
65,0.2,51.3385387619,26.0578673587,1.4432117932,14.9693251534,9.1844916721,0.5086819467
66,0.2,64.8776418242,21.0949404069,1.2387375536,35.6068965517,12.0179730644,0.7057196781
67,0.2,28.9399744572,17.7904712394,1.1012025244,13.7088122605,8.6272023079,0.5340104167
68,0.2,46.3720930233,22.4434067829,1.3972654745,20.8604651163,10.0435055078,0.625281341
69,0.2,47.8589007383,22.1406479004,1.3600891889,19.7283018868,9.4010111331,0.5774995232
1,0.09,15.2597402597,2.6773413153,0.2854055432,11.1022727273,6.9886917958,0.7449970486
2,0.09,13.4170522141,4.0398431698,0.4282225196,13.3258426966,8.466424475,0.8974391995
3,0.09,94.3967033519,3.2343335398,0.1613138951,36.2661691542,7.9944819123,0.3987285172
4,0.09,97.8026172301,1.4809605979,0.0722634778,34.1833333333,5.9719350245,0.2914005913
5,0.09,96.7874986712,1.8507784447,0.0915151043,34.782396088,6.0848991915,0.3008789007
6,0.09,43.8914027149,22.527553213,1.5153672162,24.9909502262,11.248324541,0.7566441897
7,0.09,81.1975173421,15.8950217603,0.8723526505,36.5030120482,9.1791075287,0.5037689726
8,0.09,95.9093872229,4.3739252474,0.2144493287,35.1658653846,6.7801242487,0.3324229409
9,0.09,65.7417802727,18.5479391696,1.0891724911,29.9275862069,11.1605029102,0.6553672969
10,0.09,16.875,9.475650185,0.7310622833,11.9345238095,6.6459259638,0.5127443199
11,0.09,0,0,0,0,0,0
12,0.09,0,0,0,0,0,0
13,0.09,0,0,0,0,0,0
14,0.09,13.2478632479,3.6387577705,0.3568095553,12.4423076923,6.8959672204,0.6762052197
15,0.09,13.4724857685,4.0631144412,0.9854500006,25.3529411765,7.4985581082,1.8186674776
17,0.09,52.7557453732,10.2297744951,0.7269984168,45.6818181818,11.4990018332,0.8171984761
18,0.09,15.4761904762,3.4366087452,0.7499295099,16.1428571429,6.6995786242,1.4619679128
19,0.09,24.3714285714,16.2101253316,0.7249388433,7.416,6.1144864053,0.273448145
20,0.09,16.5,8.9582364336,0.4006245125,6.32,4.6118976571,0.2062503333
21,0.09,19.5142857143,10.4592893972,0.4677536418,7.162,5.7187197868,0.2557489238
22,0.09,15.875,7.7972350869,0.3487029538,6.496,5.14800777,0.2302259064
23,0.09,13.6888888889,5.7753841196,0.2582830297,6.596,5.1428381269,0.229994713
24,0.09,18.5111111111,13.2890189514,0.5943029946,7.318,5.855328855,0.261858267
25,0.09,18.54,13.7429400057,0.6146029613,7.658,6.2300109149,0.2786145581
26,0.09,37.380952381,20.4214384261,1.4737903716,23.0729166667,11.2816635812,0.8141839382
27,0.09,28.9702517162,16.4941420282,1.1966108307,18.1368421053,9.9690157106,0.7232284135
28,0.09,22.0794392523,15.2394669512,1.0417485143,13.6775700935,8.2345160094,0.562899926
29,0.09,18.9052287582,8.7618425867,0.8675516909,25.6568627451,10.7543836006,1.0648426498
30,0.09,21.5,10.5659305737,0.4725227802,6.778,5.1288123382,0.2293674606
31,0.09,20.0352733686,9.4155450659,0.6848801266,11.4814814815,6.6337222448,0.4825322909
32,0.09,28.56,16.2581179723,0.7270851394,6.6,5.1384822662,0.229799913
33,0.09,29.7202797203,15.6853496481,1.1626754708,17.7747252747,10.3827212064,0.7696184999
34,0.09,23.8662131519,9.3556309505,0.7716394354,12.1224489796,6.7480387266,0.5565688536
35,0.09,20.9671848014,10.6435178847,0.7661371817,12.1761658031,7.4353902242,0.5352110996
36,0.09,18.25,10.4013220314,0.4651612624,7.33,6.0492230906,0.2705294808
37,0.09,17.0890188434,8.5959288593,0.6753599541,12.8703703704,7.6183168558,0.5985515011
38,0.09,26.0128739114,18.9584067322,1.137049675,13.4208633094,9.2599856645,0.5553770335
39,0.09,28.5120696478,19.0551185094,1.1683442777,14.530075188,9.7418289259,0.5973098553
40,0.09,19.8515769944,6.9665986477,0.7939175979,15.4805194805,7.3513147329,0.8377600647
41,0.09,27.944214876,18.922661968,1.2163947814,13.9710743802,9.5438954399,0.613504835
42,0.09,31.1805555556,19.8189383257,1.2061421763,14.462962963,8.9527834756,0.5448490513
43,0.09,37.6434108527,22.5291537049,1.4026038447,19.6279069767,10.0718887072,0.6270484018
44,0.09,15.8473105842,8.1459736961,0.6038197436,12.5659340659,7.6792530512,0.5692241077
45,0.09,29.2249417249,16.0354388358,1.3409507603,18.6223776224,10.1992761267,0.8529063169
46,0.09,21.6115107914,10.9067405674,0.9250976608,17.035971223,7.894456731,0.6695990805
47,0.09,23.4285714286,16.4030858222,0.7335682988,7.28,6.4235192846,0.2872685155
48,0.09,25.5,15.9608896995,0.713792687,7.038,5.9609190567,0.2665804044
49,0.09,12.94,6.1932543949,0.2769707566,6.528,4.8159335544,0.2153750961
50,0.09,22.2643553629,9.8199367613,0.824070787,12.4647887324,6.794428094,0.5701757397
51,0.09,17.925,10.4106616024,0.4655789407,6.584,5.0658606376,0.226552175
52,0.09,15.925,7.3625318335,0.3292624333,6.414,4.8483609602,0.2168252937
53,0.09,15.4575892857,5.2130811162,0.4925898642,12.2857142857,6.4923424281,0.6134686961
54,0.09,18.3216783217,5.4867259429,0.5231387924,11.8545454545,5.9617513651,0.5684306893
55,0.09,35.3910795087,22.2325347513,1.4955221269,20.3393665158,11.9037519298,0.800733007
56,0.09,16.5903487143,6.605917411,0.5111812365,12.3532934132,6.8017942722,0.5263386431
57,0.09,47.5340136054,15.1045481942,1.0788962996,41.9540816327,12.0637310062,0.8616950719
58,0.09,36.1139896373,21.0459024882,1.51491721,23.689119171,11.6395224405,0.8378311584
59,0.09,38.6765408505,19.5081092637,1.4460372661,27.7252747253,11.6695018435,0.8650010267
60,0.09,87.1780970453,9.9143801652,0.5247246418,35.1568627451,8.380184659,0.4435264051
61,0.09,16.2724014337,5.1233170997,0.5312632349,12.3548387097,6.465200745,0.6704100869
62,0.09,26.75,14.5637964373,1.2136497031,18.2569444444,9.9413184682,0.8284432057
63,0.09,17.8062678063,7.2383737982,0.8042637554,16.5185185185,8.6382884552,0.9598098284
64,0.09,79.0733381503,24.1671326912,1.2992331025,28.4653179191,10.9813404289,0.5903605189
65,0.09,30.2707930368,14.7595640133,1.0764518397,14.1436170213,8.3834697853,0.6114273745
66,0.09,27.5240888144,13.1453448301,1.4980510746,30.0649350649,12.3733455274,1.410073589
67,0.09,18.9677419355,7.9835650352,0.641255375,13.264516129,7.2459799038,0.5820111116
68,0.09,24.6557377049,13.2304730792,1.1978307507,18.4016393443,9.8168973063,0.8887801214
69,0.09,27.1460423634,13.7081820094,1.0975329386,16.7435897436,7.7632201511,0.6215550552
