Graph#,order,genus,species,abbr,group,time_slice,nodes,edges,Q,Qmax,num.modules,avg.degree,std.degree.node,CV.degree.node,wd.d.ratio,std.modsize,CV.modsize,std.avg.deg.mod,CV.avg.deg.mod,avg.modize,avg.deg.mod,std.wd.d.ratio,CV.wd.d.ratio
1,Hymenoptera,Camponotus,fellah,Ant1,1,1,113,3105,0.2608079016,0.4981669999,2,54.9557522124,12.5771174297,0.2288589806,0.7626409018,0.5,0.0088495575,2.8413220551,0.0517256621,56.5,54.9306077694,0.0144243807,0.01893541
2,Hymenoptera,Camponotus,fellah,Ant1,1,2,113,2864,0.2643227135,0.5258450598,3,50.6902654867,12.1989986866,0.2406576207,0.7384776536,24.5673676969,0.6522310008,0.9569812686,0.0186494672,37.6666666667,51.3141343926,0.3395168822,0.6553804447
3,Hymenoptera,Camponotus,fellah,Ant1,1,3,113,2804,0.2681168867,0.5990726642,3,49.6283185841,12.0699984165,0.2432078854,0.6690442225,18.1536650723,0.4819557099,4.1468864038,0.0805027565,37.6666666667,51.5123529412,0.268316729,0.4889171843
4,Hymenoptera,Camponotus,fellah,Ant1,1,4,113,2832,0.2815991174,0.496288383,2,50.1238938053,11.3442767476,0.2263247303,0.7853107345,4.5,0.0796460177,0.3284993695,0.0065571707,56.5,50.0977301387,0.0186355752,0.0237788099
5,Hymenoptera,Camponotus,fellah,Ant1,1,5,113,2835,0.2798891408,0.4957621567,2,50.1769911504,12.4929927889,0.2489785159,0.7841269841,1.5,0.0265486726,3.2896551724,0.0656753408,56.5,50.0896551724,0.0200439096,0.0256223689
6,Hymenoptera,Camponotus,fellah,Ant1,1,6,113,2984,0.2352627777,0.4966568796,2,52.814159292,14.7075013505,0.2784764833,0.7386058981,1.5,0.0265486726,2.9184952978,0.0553409023,56.5,52.736677116,0.0215179226,0.0292027251
7,Hymenoptera,Camponotus,fellah,Ant1,1,7,113,2819,0.270477431,0.4928967286,2,49.8938053097,13.4693114526,0.2699595946,0.7775807024,1.5,0.0265486726,4.6255485893,0.0929366157,56.5,49.7710031348,0.0268924726,0.0347279551
8,Hymenoptera,Camponotus,fellah,Ant1,1,8,113,2789,0.2348305031,0.4951388574,2,49.3628318584,15.263503783,0.3092104567,0.7396916458,1.5,0.0265486726,6.1821316614,0.1248235659,56.5,49.5269592476,0.0259188233,0.0351615211
9,Hymenoptera,Camponotus,fellah,Ant1,1,9,113,2889,0.2235959413,0.5292380319,3,51.1327433628,16.0185204894,0.313273246,0.6943579093,23.2283351869,0.6166814651,5.9502944125,0.1137745299,37.6666666667,52.299002408,0.3066837172,0.610253429
10,Hymenoptera,Camponotus,fellah,Ant1,1,10,113,2783,0.2541210308,0.4733089575,2,49.2566371681,14.577700731,0.2959540393,0.7808120733,3.5,0.0619469027,8.3613207547,0.1715541103,56.5,48.7386792453,0.0534982623,0.0696182648
11,Hymenoptera,Camponotus,fellah,Ant1,1,11,113,2890,0.2379799691,0.4999176854,3,51.1504424779,14.8599486885,0.2905145678,0.7380622837,25.2498624859,0.6703503315,8.5997950158,0.1843904361,37.6666666667,46.639051332,0.3382860658,0.6727082244
12,Hymenoptera,Camponotus,fellah,Ant1,1,12,99,2119,0.2210456373,0.6509654108,3,42.8080808081,12.5944326065,0.2942068967,0.5700802265,8.602325267,0.2606765232,1.9828982929,0.0457734129,33,43.3198698946,0.1362790788,0.2512230378
13,Hymenoptera,Camponotus,fellah,Ant1,1,13,99,2144,0.2257846655,0.6497585461,3,43.3131313131,12.284215432,0.2836141156,0.5760261194,9.8994949366,0.299984695,4.0860813379,0.0918412615,33,44.4906926407,0.1591292218,0.2944917501
14,Hymenoptera,Camponotus,fellah,Ant1,1,14,99,2351,0.1993468303,0.4911375577,2,47.4949494949,13.8697940365,0.2920267141,0.7082092726,1.5,0.0303030303,4.8884803922,0.1032483499,49.5,47.3468137255,0.0395485034,0.0562612441
15,Hymenoptera,Camponotus,fellah,Ant1,1,15,99,2314,0.2263472352,0.4951458523,2,46.7474747475,12.6093947935,0.2697342447,0.7312013829,0.5,0.0101010101,4.1342857143,0.0885177708,49.5,46.7057142857,0.0267445553,0.0367084754
16,Hymenoptera,Camponotus,fellah,Ant1,1,16,99,2348,0.2135240873,0.6445291981,3,47.4343434343,12.8300165853,0.2704794808,0.5689948893,11.0453610172,0.3347079096,4.3389606423,0.0887804885,33,48.8729079733,0.1629920082,0.3085733624
17,Hymenoptera,Camponotus,fellah,Ant1,1,17,99,2311,0.1974096756,0.6327190655,3,46.6868686869,13.9975802127,0.2998183559,0.5646906101,13.1402688963,0.3981899666,5.0363857483,0.1036801301,33,48.5761904762,0.183050267,0.3612839068
18,Hymenoptera,Camponotus,fellah,Ant1,1,18,99,2394,0.1986688386,0.4960790308,2,48.3636363636,13.1552152315,0.27200633,0.7025898079,1.5,0.0303030303,5.7536764706,0.1185396521,49.5,48.5379901961,0.0265452425,0.0379088263
19,Hymenoptera,Camponotus,fellah,Ant1,1,19,99,2229,0.2053310083,0.6660757368,3,45.0303030303,14.8333875011,0.3294090091,0.5392552714,5.3541261347,0.1622462465,7.2039394956,0.1559872619,33,46.1828703704,0.0868718426,0.1617729338
20,Hymenoptera,Camponotus,fellah,Ant1,1,20,99,2190,0.2396195867,0.4985236963,2,44.2424242424,13.6944218601,0.309531453,0.7410958904,4.5,0.0909090909,6.4796296296,0.1445330249,49.5,44.8314814815,0.0141099667,0.0190590443
21,Hymenoptera,Camponotus,fellah,Ant1,1,21,99,2288,0.2211229003,0.4999690541,2,46.2222222222,14.5772450014,0.315373089,0.7211538462,4.5,0.0909090909,4.6037037037,0.0987056301,49.5,46.6407407407,0.0021938555,0.0030422191
22,Hymenoptera,Camponotus,fellah,Ant1,1,22,80,1551,0.1939265905,0.4969568935,2,38.775,12.056092858,0.3109243806,0.696969697,2,0.05,4.9761904762,0.1275167785,40,39.0238095238,0.0237854251,0.0342180158
23,Hymenoptera,Camponotus,fellah,Ant1,1,23,80,1555,0.1815847644,0.5365686873,3,38.875,11.4579393872,0.2947379907,0.6450160772,16.0277537069,0.601040764,3.9550364119,0.1050621347,26.6666666667,37.6447368421,0.2753371614,0.5809567966
24,Hymenoptera,Camponotus,fellah,Ant1,1,24,80,1418,0.1973928296,0.6430909961,3,35.45,11.9099748111,0.335965439,0.5543018336,9.1043335225,0.3414125071,5.5653684912,0.1500888542,26.6666666667,37.0804915515,0.1685407325,0.3301031393
25,Hymenoptera,Camponotus,fellah,Ant1,1,25,80,1404,0.204799474,0.4996712689,2,35.1,11.7437217269,0.3345789666,0.7051282051,4,0.1,4.4545454545,0.1253196931,40,35.5454545455,0.0075657895,0.0107326178
26,Hymenoptera,Camponotus,fellah,Ant1,1,26,80,1452,0.2018212269,0.6157330726,3,36.3,10.9377785679,0.301316214,0.5860881543,9.8770215934,0.3703883098,4.974717099,0.1347979347,26.6666666667,36.9049949453,0.1906307221,0.3690086242
27,Hymenoptera,Camponotus,fellah,Ant1,1,27,80,1399,0.2274572208,0.4983650121,2,34.975,11.1186498731,0.3179027841,0.7290922087,3,0.075,0.6266499057,0.0178930366,40,35.0219987429,0.0155423336,0.021343395
28,Hymenoptera,Camponotus,fellah,Ant1,1,28,80,1501,0.1936068826,0.6186568492,3,37.525,11.0758464688,0.2951591331,0.5749500333,11.1455023315,0.4179563374,2.6726216223,0.0692144505,26.6666666667,38.6136363636,0.2004334026,0.4017575999
29,Hymenoptera,Camponotus,fellah,Ant1,1,29,80,1531,0.2164890969,0.4999639499,2,38.275,10.9589860389,0.2863223002,0.716525147,1,0.025,1.2826766729,0.0334840742,40,38.3070669168,0.0024072102,0.0033596572
30,Hymenoptera,Camponotus,fellah,Ant1,1,30,80,1571,0.1911384373,0.6118895513,3,39.275,11.2782700358,0.2871615541,0.5792488861,11.8133634311,0.4430011287,3.9961234099,0.0978524998,26.6666666667,40.8382352941,0.2188593743,0.4453635431
31,Hymenoptera,Camponotus,fellah,Ant1,1,31,80,1514,0.1935523838,0.5469209439,3,37.85,11.2728656516,0.297830004,0.6466314399,15.4560308258,0.579601156,2.0477740805,0.0551889832,26.6666666667,37.1047619048,0.2726862454,0.5626365834
32,Hymenoptera,Camponotus,fellah,Ant1,1,32,55,726,0.1715758259,0.5916860187,3,26.4,8.0760026116,0.3059091898,0.5798898072,7.845734864,0.4279491744,3.0205086032,0.1142329128,18.3333333333,26.4416666667,0.1945328954,0.3948627263
33,Hymenoptera,Camponotus,fellah,Ant1,1,33,56,718,0.1925856022,0.6424463265,3,25.6428571429,8.6920089972,0.3389641392,0.5501392758,4.7140452079,0.2525381361,2.8947083259,0.1122617273,18.6666666667,25.7853535354,0.1431130759,0.2782386452
34,Hymenoptera,Camponotus,fellah,Ant1,1,34,56,678,0.1870208665,0.6073748488,3,24.2142857143,8.8352263406,0.364876604,0.5796460177,6.9442222187,0.3720119046,1.9918884379,0.0848210023,18.6666666667,23.4834343434,0.1702294537,0.335142811
35,Hymenoptera,Camponotus,fellah,Ant1,1,35,56,779,0.1588018937,0.5965425869,3,27.8214285714,9.7102801616,0.3490216233,0.5622593068,8.3399973355,0.4467855715,2.8821069835,0.1020337096,18.6666666667,28.2466157031,0.202489981,0.4285647851
36,Hymenoptera,Camponotus,fellah,Ant1,1,36,56,766,0.1739010764,0.6242927213,3,27.3571428571,9.0837935975,0.3320446746,0.5496083551,6.9442222187,0.3720119046,0.9461126136,0.0342134131,18.6666666667,27.6532659933,0.1764687403,0.3618215295
37,Hymenoptera,Camponotus,fellah,Ant1,1,37,55,781,0.1668557498,0.4933602312,2,28.4,9.1841761149,0.3233864829,0.6734955186,1.5,0.0545454545,1.7287798408,0.0610753192,27.5,28.3057029178,0.0381317281,0.0569894663
38,Hymenoptera,Camponotus,fellah,Ant1,1,38,55,694,0.1947726084,0.5867034441,3,25.2363636364,8.4594511672,0.3352087999,0.6080691643,7.845734864,0.4279491744,2.5076358012,0.1007907207,18.3333333333,24.8796296296,0.2118860971,0.4141547955
39,Hymenoptera,Camponotus,fellah,Ant1,1,39,55,773,0.1832011501,0.4988544489,2,28.1090909091,8.5486261039,0.3041231796,0.6843467012,0.5,0.0181818182,1.8571428571,0.0659898477,27.5,28.1428571429,0.0151435856,0.0221519919
40,Hymenoptera,Camponotus,fellah,Ant1,1,40,55,769,0.1912224513,0.4890117881,2,27.9636363636,8.1574586871,0.2917166631,0.7022106632,1.5,0.0545454545,2.6279840849,0.0944628513,27.5,27.8202917772,0.0451375861,0.0648976791
41,Hymenoptera,Camponotus,fellah,Ant1,1,41,55,771,0.1842596658,0.4709003921,2,28.0363636364,8.1082755399,0.2892056775,0.7133592737,3.5,0.1272727273,3.247983871,0.1175826582,27.5,27.622983871,0.0734238941,0.1055477669
42,Hymenoptera,Camponotus,fellah,Ant1,2,1,131,4170,0.1981948542,0.6106648782,3,63.6641221374,18.5581860652,0.2915014838,0.587529976,16.8193010821,0.3851748339,4.1760286878,0.0656400367,43.6666666667,63.6201455549,0.1799195966,0.3463566896
43,Hymenoptera,Camponotus,fellah,Ant1,2,2,131,3788,0.2258284303,0.6030723585,3,57.8320610687,18.3370282673,0.3170737464,0.6227560718,20.4178571082,0.4675845139,4.8504835776,0.0809681389,43.6666666667,59.9060771651,0.2387145006,0.4594827419
44,Hymenoptera,Camponotus,fellah,Ant1,2,3,131,4111,0.2023782862,0.4918455691,2,62.7633587786,18.2776850811,0.2912158533,0.7105327171,3.5,0.0534351145,4.6748480598,0.0747813471,65.5,62.5135577373,0.0375796345,0.0532490395
45,Hymenoptera,Camponotus,fellah,Ant1,2,4,131,3887,0.2221515201,0.4907391198,2,59.3435114504,16.933083834,0.2853401058,0.7314124003,3.5,0.0534351145,4.9193548387,0.0832650833,65.5,59.0806451613,0.0372431507,0.0512748238
46,Hymenoptera,Camponotus,fellah,Ant1,2,5,131,4208,0.192508566,0.4895617979,2,64.2442748092,17.308644799,0.2694192572,0.7029467681,5.5,0.0839694656,3.9154929577,0.0612604672,65.5,63.9154929577,0.0438353636,0.0629264092
47,Hymenoptera,Camponotus,fellah,Ant1,2,6,131,4231,0.2065565573,0.4970316223,2,64.5954198473,18.2772451137,0.2829495521,0.709524935,0.5,0.0076335878,4.4842657343,0.0694576078,65.5,64.5611888112,0.0225148686,0.03181009
48,Hymenoptera,Camponotus,fellah,Ant1,2,7,131,4045,0.1693094528,0.4944021599,2,61.7557251908,20.1570519182,0.3263997282,0.674907293,4.5,0.0687022901,2.3024590164,0.0373790736,65.5,61.5975409836,0.0347874115,0.05182664
49,Hymenoptera,Camponotus,fellah,Ant1,2,8,131,3906,0.1828679288,0.480871001,2,59.6335877863,19.9124826042,0.3339138788,0.7019969278,11.5,0.1755725191,1.2320827321,0.0207361054,65.5,59.4172679173,0.0606070684,0.0878182079
50,Hymenoptera,Camponotus,fellah,Ant1,2,9,131,4168,0.180189681,0.4942491819,2,63.6335877863,18.9258118129,0.2974185878,0.685940499,4.5,0.0687022901,2.4642857143,0.0388294879,65.5,63.4642857143,0.0340734253,0.0499400717
51,Hymenoptera,Camponotus,fellah,Ant1,2,10,131,4093,0.1792760357,0.5565054518,3,62.4885496183,19.6602308748,0.3146213345,0.6227705839,23.6126143312,0.5407468931,6.2054012625,0.0989550153,43.6666666667,62.709315376,0.2438038703,0.500703775
52,Hymenoptera,Camponotus,fellah,Ant1,2,11,131,3956,0.1823200108,0.6054747125,3,60.3969465649,19.6086440626,0.3246628377,0.5768452983,19.7709101684,0.4527689352,3.6183185404,0.0584432271,43.6666666667,61.9116828577,0.206250621,0.4215103602
53,Hymenoptera,Camponotus,fellah,Ant1,2,12,111,2647,0.2099879557,0.6410419791,3,47.6936936937,14.866852174,0.3117152609,0.5689459766,10.2306728355,0.2765046712,4.3930935633,0.0913923228,37,48.0685185185,0.1243393331,0.2304255489
54,Hymenoptera,Camponotus,fellah,Ant1,2,13,111,2694,0.2171937942,0.5301113889,3,48.5405405405,14.2713622296,0.2940091328,0.6870824053,22.9927524813,0.6214257427,5.5016391079,0.10908392,37,50.4349230005,0.2981157032,0.5901242615
55,Hymenoptera,Camponotus,fellah,Ant1,2,14,111,2659,0.1930251428,0.6495877604,3,47.9099099099,15.4928344667,0.3233743185,0.5434373825,7.7888809637,0.2105102963,3.2074712974,0.0669067398,37,47.9394348756,0.1222729631,0.2332415974
56,Hymenoptera,Camponotus,fellah,Ant1,2,15,111,2857,0.1909752208,0.6274470444,3,51.4774774775,16.5283522976,0.3210792973,0.5635281764,11.430952133,0.3089446522,5.8789219853,0.114560441,37,51.3172080581,0.1288135743,0.2415943492
57,Hymenoptera,Camponotus,fellah,Ant1,2,16,110,3006,0.1921789599,0.5670957929,3,54.6545454545,17.0018375283,0.3110781983,0.625083167,17.4610678049,0.4762109401,8.4324004429,0.1551552487,36.6666666667,54.3481481481,0.2091415502,0.390173758
58,Hymenoptera,Camponotus,fellah,Ant1,2,17,111,2832,0.2216442458,0.6270114775,3,51.027027027,15.6737339586,0.3071653371,0.5946327684,9.8994949366,0.2675539172,6.5417836037,0.130217776,37,50.237254902,0.1189261829,0.207332932
59,Hymenoptera,Camponotus,fellah,Ant1,2,18,111,2627,0.2415760523,0.5727522989,3,47.3333333333,13.6634801822,0.2886650743,0.6688237533,19.5106808355,0.5273156983,4.2208747583,0.0869541668,37,48.5413743345,0.2603177729,0.4832049454
60,Hymenoptera,Camponotus,fellah,Ant1,2,19,111,2630,0.2346053145,0.5897383944,3,47.3873873874,14.7429452796,0.3111153852,0.6448669202,16.0623784042,0.4341183352,4.3529680693,0.0924282658,37,47.0956371659,0.1988599192,0.3513685697
61,Hymenoptera,Camponotus,fellah,Ant1,2,20,111,2713,0.2186374759,0.5430016484,3,48.8828828829,14.7518444342,0.3017793461,0.6756358275,21.969676071,0.5937750289,1.8560961799,0.0381020038,37,48.7138731952,0.2827918834,0.5572039886
62,Hymenoptera,Camponotus,fellah,Ant1,2,21,111,2804,0.226275295,0.598957178,3,50.5225225225,15.7862106818,0.3124588776,0.627318117,15.76916823,0.4261937359,7.6298206364,0.1491088446,37,51.1694705677,0.1971974905,0.3500035327
63,Hymenoptera,Camponotus,fellah,Ant1,2,22,90,1766,0.2041511103,0.6622485055,3,39.2444444444,12.5399903519,0.319535428,0.5419026048,2.1602468995,0.07200823,4.2229138736,0.1073628965,30,39.3330844285,0.060384699,0.1111900719
64,Hymenoptera,Camponotus,fellah,Ant1,2,23,90,1758,0.1901724087,0.6258948205,3,39.0666666667,12.9467284585,0.3314008991,0.5642775882,11.430952133,0.3810317378,3.1346726846,0.0782798395,30,40.0444444444,0.1849089012,0.3687009584
65,Hymenoptera,Camponotus,fellah,Ant1,2,24,90,1902,0.1856909988,0.6299601891,3,42.2666666667,13.2621432825,0.3137731061,0.5557308097,10.2306728355,0.3410224278,5.1775804064,0.1200705801,30,43.1211409295,0.1529522707,0.2991476274
66,Hymenoptera,Camponotus,fellah,Ant1,2,25,90,1906,0.1924331294,0.4851928356,2,42.3555555556,14.0446202521,0.3315886209,0.7072402938,5,0.1111111111,2.615,0.0621656959,45,42.065,0.0519179905,0.0743485001
67,Hymenoptera,Camponotus,fellah,Ant1,2,26,88,1949,0.1647343325,0.4828461847,2,44.2954545455,13.3681771815,0.301795688,0.6818881478,5,0.1136363636,3.2124542125,0.0731259902,44,43.9304029304,0.0610149716,0.0909874385
68,Hymenoptera,Camponotus,fellah,Ant1,2,27,89,1994,0.1669100833,0.563098649,3,44.808988764,14.4695545574,0.3229163379,0.6038114343,15.7550697308,0.5310697662,6.658933143,0.1436117937,29.6666666667,46.3675925926,0.2530239698,0.5388258007
69,Hymenoptera,Camponotus,fellah,Ant1,2,28,88,1784,0.1932492861,0.6125317973,3,40.5454545455,12.569722904,0.3100155873,0.5807174888,11.7284080572,0.3998320929,2.3181360283,0.0567936046,29.3333333333,40.8168498168,0.201571367,0.4017616571
70,Hymenoptera,Camponotus,fellah,Ant1,2,29,88,1911,0.1656792411,0.4969194295,2,43.4318181818,13.4737079449,0.3102266612,0.6687598116,1,0.0227272727,2.423255814,0.0558653228,44,43.376744186,0.0261611976,0.0392394611
71,Hymenoptera,Camponotus,fellah,Ant1,2,30,88,1945,0.1604524157,0.5691927756,3,44.2045454545,13.683233844,0.3095435934,0.5912596401,15.839472494,0.5399820168,3.4852969228,0.0772383256,29.3333333333,45.1239316239,0.2460818356,0.5355363266
72,Hymenoptera,Camponotus,fellah,Ant1,2,31,87,2008,0.1381484768,0.588845688,3,46.1609195402,13.3061852036,0.2882565022,0.5493027888,14.236104336,0.4909001495,1.0131718353,0.021732109,29,46.6209624258,0.2093655153,0.466831843
73,Hymenoptera,Camponotus,fellah,Ant1,2,32,58,814,0.1342711094,0.6477846229,3,28.0689655172,8.343616327,0.2972541443,0.4864864865,5.1854497287,0.268212917,1.6444406481,0.0578688791,19.3333333333,28.4166666667,0.098187166,0.2119809687
74,Hymenoptera,Camponotus,fellah,Ant1,2,33,58,773,0.1533707987,0.6630732567,3,26.6551724138,9.4221890057,0.3534844517,0.490297542,0.9428090416,0.0487659849,2.9564430581,0.1106591288,19.3333333333,26.7166666667,0.0210544995,0.0430501787
75,Hymenoptera,Camponotus,fellah,Ant1,2,34,58,742,0.1612491917,0.6464243939,3,25.5862068966,8.6363994788,0.3375412195,0.5148247978,2.8674417557,0.1483159529,4.7928751168,0.1872780435,19.3333333333,25.5922959573,0.0778070539,0.1537794062
76,Hymenoptera,Camponotus,fellah,Ant1,2,35,58,805,0.1580918946,0.4972223294,2,27.7586206897,9.2032796718,0.3315467211,0.6608695652,1,0.0344827586,3.0297619048,0.1087374493,29,27.8630952381,0.0254180083,0.0385720341
77,Hymenoptera,Camponotus,fellah,Ant1,2,36,58,827,0.1075425958,0.621448279,3,28.5172413793,9.8335130344,0.3448269383,0.4860943168,4.7140452079,0.2438299245,4.1199133611,0.148200031,19.3333333333,27.7996794872,0.0894445821,0.1960471668
78,Hymenoptera,Camponotus,fellah,Ant1,2,37,58,733,0.2000478327,0.4879059501,2,25.275862069,7.3900984629,0.2923777018,0.7121418827,3,0.1034482759,1.3305288462,0.0529285202,29,25.1382211538,0.0458789265,0.0650758867
79,Hymenoptera,Camponotus,fellah,Ant1,2,38,58,773,0.138415876,0.7283253198,5,26.6551724138,9.2839344442,0.34829767,0.4100905563,5.4626001135,0.4709138029,4.905399866,0.1922968027,11.6,25.5095238095,0.1411495663,0.4116993799
80,Hymenoptera,Camponotus,fellah,Ant1,2,39,58,701,0.1979900326,0.6915706317,4,24.1724137931,7.5820521538,0.3136654957,0.5064194009,7.4330343737,0.5126230603,3.0646128949,0.1222563818,14.5,25.0670995671,0.2073316755,0.5061983404
81,Hymenoptera,Camponotus,fellah,Ant1,2,40,58,731,0.1950254603,0.4987190308,2,25.2068965517,7.6581230722,0.303810628,0.6963064295,3,0.1034482759,1.3461538462,0.0531107739,29,25.3461538462,0.0154111131,0.0221574816
82,Hymenoptera,Camponotus,fellah,Ant1,2,41,58,728,0.1912170933,0.498909401,2,25.1034482759,7.9777484836,0.3177949259,0.6923076923,1,0.0344827586,0.3071428571,0.0122402505,29,25.0928571429,0.014401658,0.0208226249
83,Hymenoptera,Camponotus,fellah,Ant1,3,1,160,5942,0.1982823612,0.5234254106,3,74.275,24.4772726218,0.329549278,0.6748569505,32.561053764,0.6105197581,7.717611757,0.1088688185,53.3333333333,70.8890926023,0.2927197767,0.6009566124
84,Hymenoptera,Camponotus,fellah,Ant1,3,2,159,5653,0.2422458669,0.5167903565,3,71.106918239,19.9062555178,0.2799482246,0.7254555103,34.1857670188,0.6450144721,6.4720743296,0.0956452057,53,67.6675248419,0.3217301462,0.6274907389
85,Hymenoptera,Camponotus,fellah,Ant1,3,3,160,6208,0.2216652088,0.4938945902,2,77.6,21.129422614,0.2722863739,0.7277706186,1,0.0125,7.6061884669,0.0981381338,80,77.5049226442,0.0304539155,0.0420398803
86,Hymenoptera,Camponotus,fellah,Ant1,3,4,160,5810,0.2292573935,0.4999974967,2,72.625,19.1614032628,0.2638403203,0.7292598967,4,0.05,3.8032581454,0.052231678,80,72.8151629073,0.0006057898,0.0008306928
87,Hymenoptera,Camponotus,fellah,Ant1,3,5,160,5782,0.2338822334,0.5777078993,3,72.275,19.0833533479,0.2640380954,0.6561743341,27.8607649253,0.5223893423,2.333491763,0.0320336794,53.3333333333,72.8449496982,0.2650810174,0.5105116931
88,Hymenoptera,Camponotus,fellah,Ant1,3,6,160,5760,0.2297437428,0.6259242983,3,72,19.8796378237,0.2761060809,0.6038194444,19.3275853524,0.3623922254,2.9079776191,0.0400309009,53.3333333333,72.6433218523,0.2090885843,0.3937553846
89,Hymenoptera,Camponotus,fellah,Ant1,3,7,160,5660,0.2268538907,0.6158998271,3,70.75,20.1103207334,0.284244816,0.6109540636,21.2027251917,0.3975510973,1.0789504653,0.0152115566,53.3333333333,70.9296550699,0.2104111783,0.3966713206
90,Hymenoptera,Camponotus,fellah,Ant1,3,8,159,5523,0.2559391243,0.5787709186,3,69.4716981132,18.3556107032,0.2642171014,0.6771682057,27.1784228142,0.5128004305,0.5615955165,0.0080772093,53,69.5284098986,0.2728195261,0.5066457482
91,Hymenoptera,Camponotus,fellah,Ant1,3,9,160,5802,0.2275040575,0.6394309793,3,72.525,19.6961131952,0.2715768796,0.5880730782,16.5797734873,0.3108707529,3.1401566444,0.0427799666,53.3333333333,73.4025033562,0.1830152696,0.3411818997
92,Hymenoptera,Camponotus,fellah,Ant1,3,10,159,6044,0.246681571,0.4925452374,2,76.0251572327,17.756192891,0.2335568059,0.7541363336,7.5,0.0943396226,2.129789272,0.0280885037,79.5,75.8242337165,0.0304754509,0.0406114552
93,Hymenoptera,Camponotus,fellah,Ant1,3,11,160,5527,0.2597717166,0.5839982409,3,69.0875,17.6993599814,0.2561875879,0.6757734757,25.6298437157,0.4805595697,2.1552464444,0.0315811331,53.3333333333,68.244747151,0.2624424011,0.4784942475
94,Hymenoptera,Camponotus,fellah,Ant1,3,12,141,4162,0.2621147699,0.6025760866,3,59.0354609929,16.6581870688,0.2821725585,0.6595386833,20.5101600839,0.4363863848,2.5163677189,0.0425997581,47,59.0700001959,0.2537817661,0.4625895175
95,Hymenoptera,Camponotus,fellah,Ant1,3,13,141,4286,0.268332675,0.5275487273,3,60.7943262411,16.4426869344,0.2704641691,0.7407839477,29.6984848098,0.6318826555,5.5785935053,0.0973993149,47,57.2754901961,0.3359859738,0.6415158792
96,Hymenoptera,Camponotus,fellah,Ant1,3,14,141,4306,0.2719968993,0.4979606708,2,61.0780141844,15.7943660491,0.2585933132,0.7740362285,4.5,0.0638297872,0.0021212121,3.47296298317282E-005,70.5,61.0778787879,0.0144901354,0.0187426368
97,Hymenoptera,Camponotus,fellah,Ant1,3,15,141,4299,0.2689008533,0.5303570059,3,60.9787234043,16.1453803353,0.2647707173,0.7385438474,29.6984848098,0.6318826555,3.2383470444,0.0540307192,47,59.9352941176,0.3329514042,0.6327126614
98,Hymenoptera,Camponotus,fellah,Ant1,3,16,141,4952,0.2331968277,0.4955150829,2,70.2411347518,19.7885634674,0.2817232885,0.7376817447,1.5,0.0212765957,5.160326087,0.0735808847,70.5,70.1313405797,0.0250688174,0.0340929714
99,Hymenoptera,Camponotus,fellah,Ant1,3,17,141,4669,0.2317351024,0.6320349524,3,66.2269503546,19.5547490357,0.2952687528,0.5997001499,16.3095064303,0.3470107751,4.873252454,0.0722749162,47,67.4266081871,0.2004993124,0.3738049476
100,Hymenoptera,Camponotus,fellah,Ant1,3,18,141,4600,0.2424251181,0.5548164225,3,65.2482269504,19.6393569352,0.3009944922,0.6876086957,26.1916017074,0.5572681214,5.8260082282,0.0899252479,47,64.7872356965,0.2905541616,0.5560913801
101,Hymenoptera,Camponotus,fellah,Ant1,3,19,141,4337,0.2530167225,0.4999616153,2,61.5177304965,18.3402061277,0.298128783,0.7530551072,2.5,0.0354609929,1.644540693,0.0267074741,70.5,61.5760475423,0.0021638521,0.0028735036
102,Hymenoptera,Camponotus,fellah,Ant1,3,20,141,4348,0.2474501066,0.5248190118,3,61.6737588652,19.6087606901,0.3179433369,0.7226310948,30.4083321915,0.6469857913,2.5672974591,0.0427550816,47,60.0466041489,0.3240249436,0.6337097871
103,Hymenoptera,Camponotus,fellah,Ant1,3,21,140,4453,0.2440203742,0.5406743153,3,63.6142857143,18.7314043842,0.2944527974,0.7033460588,28.8598144292,0.6184245949,2.9003902967,0.0445559697,46.6666666667,65.0954365079,0.3161758005,0.6201158374
104,Hymenoptera,Camponotus,fellah,Ant1,3,22,115,3289,0.2121232767,0.4857626807,2,57.2,15.7414987409,0.2752010269,0.7263605959,6.5,0.1130434783,3.2273284314,0.0567840009,57.5,56.8351715686,0.0475284448,0.0661642335
105,Hymenoptera,Camponotus,fellah,Ant1,3,23,114,3315,0.2131547493,0.4994292591,2,58.1578947368,16.0277056984,0.2755895097,0.7137254902,2,0.0350877193,0.0758089368,0.0013034425,57,58.1605546995,0.0096830727,0.013573164
106,Hymenoptera,Camponotus,fellah,Ant1,3,24,113,3122,0.2220265984,0.4990925818,2,55.2566371681,15.4986603823,0.2804850454,0.7229340167,0.5,0.0088495575,1.8651315789,0.0337640684,56.5,55.2401315789,0.0118247193,0.0163679731
107,Hymenoptera,Camponotus,fellah,Ant1,3,25,114,3004,0.2447743887,0.498436173,2,52.701754386,14.6358906517,0.2777116402,0.7463382157,4,0.0701754386,0.7547169811,0.0143061516,57,52.7547169811,0.0142306536,0.0190876527
108,Hymenoptera,Camponotus,fellah,Ant1,3,26,114,3054,0.2231631013,0.4998494143,2,53.5789473684,15.1940054759,0.2835816346,0.723313687,1,0.0175438596,1.8703817734,0.0348875272,57,53.6117610837,0.0048031409,0.0066412327
109,Hymenoptera,Camponotus,fellah,Ant1,3,27,114,3224,0.212048603,0.563475402,3,56.5614035088,16.3192035666,0.2885218993,0.648573201,21.9544984001,0.5777499579,4.9209797097,0.0830997429,38,59.2177489177,0.2827203444,0.5754293798
110,Hymenoptera,Camponotus,fellah,Ant1,3,28,114,3230,0.2207823328,0.4994201037,2,56.6666666667,15.8792961678,0.2802228735,0.7213622291,4,0.0701754386,2.0569130838,0.0362062395,57,56.8110114445,0.0095002303,0.0131757566
111,Hymenoptera,Camponotus,fellah,Ant1,3,29,115,3310,0.1968199907,0.4998411387,2,57.5652173913,17.1424367578,0.2977915751,0.696978852,2.5,0.0434782609,3.5356060606,0.0612555618,57.5,57.7189393939,0.005403,0.0077530999
112,Hymenoptera,Camponotus,fellah,Ant1,3,30,114,3000,0.2131397778,0.5348064444,3,52.6315789474,16.4296817184,0.3121639526,0.6783333333,22.3755819291,0.5888311034,4.8033070959,0.0924372284,38,51.9629069142,0.2965391795,0.5953638028
113,Hymenoptera,Camponotus,fellah,Ant1,3,31,114,3251,0.2007620682,0.5252776019,3,57.0350877193,16.1679398077,0.2834735678,0.6754844663,24.1660919472,0.6359497881,5.8332465822,0.099172141,38,58.8194076039,0.3069944455,0.6413579598
114,Hymenoptera,Camponotus,fellah,Ant1,3,32,94,1982,0.2323260505,0.497714547,2,42.170212766,13.4572912278,0.3191184095,0.7346115035,1,0.0212765957,3.75,0.0887573964,47,42.25,0.018024902,0.0245774166
115,Hymenoptera,Camponotus,fellah,Ant1,3,33,95,2097,0.2192916329,0.5268738932,3,44.1473684211,13.9162672105,0.3152230293,0.6924177396,20.2868320729,0.6406368023,2.6096004864,0.0586798043,31.6666666667,44.4718676123,0.3154176135,0.6445603196
116,Hymenoptera,Camponotus,fellah,Ant1,3,34,94,2127,0.2163890552,0.5172823321,3,45.2553191489,13.9184067398,0.3075529463,0.6991067231,20.7578633026,0.662484999,2.3716298337,0.054051887,31.3333333333,43.8769109535,0.3241599605,0.6718301957
117,Hymenoptera,Camponotus,fellah,Ant1,3,35,94,2047,0.2352541365,0.4990548204,2,43.5531914894,13.928859541,0.319812603,0.7361993161,2,0.0425531915,0.0403628118,0.0009267841,47,43.5514739229,0.0114913177,0.0156195765
118,Hymenoptera,Camponotus,fellah,Ant1,3,36,94,2130,0.2097599683,0.4999008133,2,45.3191489362,14.3454439101,0.316542659,0.7098591549,1,0.0212765957,1.6032608696,0.0353505093,47,45.3532608696,0.0040873016,0.005758372
119,Hymenoptera,Camponotus,fellah,Ant1,3,37,93,2121,0.2077867516,0.4991587459,2,45.6129032258,14.1406394116,0.3100140182,0.7086280057,1.5,0.0322580645,0.4,0.0087719298,46.5,45.6,0.011971752,0.0169059842
120,Hymenoptera,Camponotus,fellah,Ant1,3,38,93,2114,0.22136773,0.4999864623,2,45.4623655914,14.0976312658,0.3100945383,0.7213812677,0.5,0.0107526882,0.7254856614,0.0159552013,46.5,45.4701665125,0.0014498056,0.0020097843
121,Hymenoptera,Camponotus,fellah,Ant1,3,39,93,2135,0.2013397759,0.4842437572,2,45.9139784946,13.836725259,0.3013619319,0.7170960187,4.5,0.0967741935,3.7422969188,0.0821547165,46.5,45.5518207283,0.0518544896,0.0732520886
122,Hymenoptera,Camponotus,fellah,Ant1,3,40,93,1990,0.2284728921,0.4993271635,2,42.7956989247,13.5095021436,0.3156742963,0.7291457286,0.5,0.0107526882,2.0302960222,0.0474174017,46.5,42.8175300648,0.0099492486,0.0136519091
123,Hymenoptera,Camponotus,fellah,Ant1,3,41,94,2106,0.2255500046,0.4976297766,2,44.8085106383,14.3388154914,0.3200020551,0.7279202279,1,0.0212765957,2.1326992754,0.0476441009,47,44.763134058,0.0188221632,0.0259035696
124,Hymenoptera,Camponotus,fellah,Ant1,4,1,102,2530,0.1719658173,0.6071436829,3,49.6078431373,14.9948728903,0.3022681887,0.5648221344,14.8996644258,0.4382254243,4.0932391782,0.08060214,34,50.783256851,0.2083198696,0.435836657
125,Hymenoptera,Camponotus,fellah,Ant1,4,2,102,2477,0.17198297,0.5304811533,3,48.568627451,14.2426519093,0.2932479804,0.6415018167,21.2289111041,0.6243797384,3.3036648421,0.0696547098,34,47.4291666667,0.2809248078,0.6072334973
126,Hymenoptera,Camponotus,fellah,Ant1,4,3,102,2275,0.2008239585,0.4992854969,2,44.6078431373,13.7734875065,0.3087682914,0.7015384615,4,0.0784313725,1.8235976789,0.0407499935,51,44.7508704062,0.011298648,0.0161153403
127,Hymenoptera,Camponotus,fellah,Ant1,4,4,102,2552,0.1940969527,0.4730938179,2,50.0392156863,14.060040421,0.2809804316,0.7210031348,8,0.1568627451,3.8533701222,0.0779485871,51,49.434765471,0.0684011009,0.0970041535
128,Hymenoptera,Camponotus,fellah,Ant1,4,5,102,2298,0.1966921135,0.581809607,3,45.0588235294,15.2943815965,0.3394314454,0.6148825065,17.1464281995,0.5043067117,3.827364829,0.0830951297,34,46.0600379687,0.2430068961,0.4911023511
129,Hymenoptera,Camponotus,fellah,Ant1,4,6,102,2317,0.2094817555,0.620789481,3,45.431372549,15.5743062691,0.3428095035,0.5886922745,13.4907375632,0.3967863989,3.9065875917,0.0838656794,34,46.5814814815,0.2081295397,0.4057950883
130,Hymenoptera,Camponotus,fellah,Ant1,4,7,102,2206,0.2112049763,0.4999629092,2,43.2549019608,15.09881587,0.3490660061,0.7112420671,4,0.0784313725,3.7883945841,0.0869854861,51,43.5520309478,0.0024872202,0.0034971147
131,Hymenoptera,Camponotus,fellah,Ant1,4,8,102,2228,0.2003919634,0.6231926815,3,43.6862745098,14.4398552435,0.3305352861,0.5771992819,13.5892114071,0.3996826884,3.0883920631,0.0689227123,34,44.8094968776,0.1812396629,0.3540462232
132,Hymenoptera,Camponotus,fellah,Ant1,4,9,102,2275,0.1999658012,0.4971086584,2,44.6078431373,16.6204202672,0.3725896412,0.7028571429,6,0.1176470588,1.881871345,0.0419786585,51,44.8292397661,0.0227273434,0.0324153583
133,Hymenoptera,Camponotus,fellah,Ant1,4,10,102,2549,0.1804696216,0.614365267,3,49.9803921569,16.2148445617,0.3244241164,0.5661043546,14.3527000944,0.4221382381,2.4994930869,0.0491184335,34,50.8870684755,0.1993964362,0.409270689
134,Hymenoptera,Camponotus,fellah,Ant1,4,11,102,2556,0.1759674833,0.4940426007,2,50.1176470588,15.3203018693,0.3056867744,0.6819248826,6,0.1176470588,0.4315789474,0.0086026018,51,50.1684210526,0.0351381308,0.0518193201
135,Hymenoptera,Camponotus,fellah,Ant1,4,12,73,1224,0.199561667,0.6652479415,3,33.5342465753,10.636049055,0.3171697635,0.5343137255,2.8674417557,0.1178400722,2.0280126755,0.0600786686,24.3333333333,33.755952381,0.0553749232,0.1042659328
136,Hymenoptera,Camponotus,fellah,Ant1,4,13,73,1245,0.1686966339,0.5879737424,3,34.1095890411,10.9751420796,0.3217611935,0.5807228916,11.8977121984,0.4889470766,2.3263340021,0.0669165811,24.3333333333,34.7646871009,0.2096470709,0.4353853181
137,Hymenoptera,Camponotus,fellah,Ant1,4,14,73,1284,0.1762450748,0.4714164143,2,35.1780821918,10.4597630421,0.2973375008,0.7048286604,6.5,0.1780821918,2.2166666667,0.063727839,36.5,34.7833333333,0.0748536259,0.1089681214
138,Hymenoptera,Camponotus,fellah,Ant1,4,15,73,1284,0.1604358338,0.6323984506,3,35.1780821918,10.6518278909,0.3027972882,0.5280373832,6.7986926848,0.2793983295,3.4732407455,0.0989959717,24.3333333333,35.0846674632,0.1253251346,0.2545383478
139,Hymenoptera,Camponotus,fellah,Ant1,4,16,73,1251,0.1788225694,0.6480471897,3,34.2739726027,11.283713896,0.3292210689,0.5307753797,5.9066817156,0.2427403445,3.3324166682,0.0963661854,24.3333333333,34.5807676519,0.1196090389,0.2367491585
140,Hymenoptera,Camponotus,fellah,Ant1,4,17,73,1205,0.1955389887,0.4669082833,2,33.0136986301,9.7804573816,0.2962545182,0.7286307054,6.5,0.1780821918,2.6996124031,0.0829808781,36.5,32.5329457364,0.0747607722,0.1053862708
141,Hymenoptera,Camponotus,fellah,Ant1,4,18,73,1226,0.1843735779,0.4886150135,2,33.5890410959,11.0426763885,0.3287583101,0.6957585644,4.5,0.1232876712,0.9416920732,0.0281329341,36.5,33.4729420732,0.0469788971,0.0682168903
142,Hymenoptera,Camponotus,fellah,Ant1,4,19,73,1237,0.1714088444,0.6637289737,3,33.8904109589,10.7481271307,0.3171436057,0.5076798707,4.18993503,0.1721891108,2.943061641,0.0856545578,24.3333333333,34.3596618357,0.0611786854,0.121869331
143,Hymenoptera,Camponotus,fellah,Ant1,4,20,73,1165,0.199830905,0.4891012912,2,31.9178082192,10.1154343275,0.316921333,0.7107296137,3.5,0.095890411,1.6670454545,0.0524922174,36.5,31.7579545455,0.0436593929,0.0619911961
144,Hymenoptera,Camponotus,fellah,Ant1,4,21,73,1162,0.1684554792,0.4989201952,2,31.8356164384,10.9757062975,0.3447618587,0.669535284,0.5,0.0136986301,1.0435435435,0.032793847,36.5,31.8213213213,0.0153904617,0.0230113636
145,Hymenoptera,Camponotus,fellah,Ant1,4,22,55,706,0.16991048,0.5325167123,3,25.6727272727,8.6193324894,0.3357388718,0.6373937677,11.5566238822,0.6303613027,0.8558636703,0.0334238673,18.3333333333,25.606362773,0.2924164437,0.6466155306
146,Hymenoptera,Camponotus,fellah,Ant1,4,23,55,684,0.1693982764,0.4968836565,2,24.8727272727,8.4982448358,0.3416692003,0.6725146199,0.5,0.0181818182,2.4166666667,0.0969899666,27.5,24.9166666667,0.0260162602,0.038803557
147,Hymenoptera,Camponotus,fellah,Ant1,4,24,54,658,0.1803002097,0.4857713343,2,24.3703703704,8.0973161907,0.3322606948,0.6945288754,3,0.1111111111,1.4208333333,0.0586818104,27,24.2125,0.0530402265,0.0773653276
148,Hymenoptera,Camponotus,fellah,Ant1,4,25,55,674,0.1791146792,0.5841591896,3,24.5090909091,8.6210582081,0.3517494076,0.5949554896,8.7305339025,0.4762109401,1.9729856113,0.0810316494,18.3333333333,24.3483333333,0.2255890594,0.4657668814
149,Hymenoptera,Camponotus,fellah,Ant1,4,26,55,688,0.2011042709,0.4845345034,2,25.0181818182,8.3763539673,0.33481066,0.7165697674,2.5,0.0909090909,2.1433333333,0.086343494,27.5,24.8233333333,0.0514385125,0.0727022305
150,Hymenoptera,Camponotus,fellah,Ant1,4,27,55,653,0.1907136106,0.4816783886,2,23.7454545455,6.8469453888,0.2883476236,0.7090352221,3.5,0.1272727273,1.5483870968,0.0657534247,27.5,23.5483870968,0.0578162733,0.0828351598
151,Hymenoptera,Camponotus,fellah,Ant1,4,28,55,721,0.1910420686,0.4559519161,2,26.2181818182,7.4240173126,0.2831629349,0.7350901526,4.5,0.1636363636,3.5876358696,0.1399719049,27.5,25.6311141304,0.0862238817,0.1215280049
152,Hymenoptera,Camponotus,fellah,Ant1,4,29,55,728,0.1830357143,0.46875,2,26.4727272727,8.1326604066,0.3072090126,0.7142857143,4.5,0.1636363636,2.3491847826,0.0900473934,27.5,26.0883152174,0.0761904762,0.1095890411
153,Hymenoptera,Camponotus,fellah,Ant1,4,30,55,732,0.1582002673,0.4819707591,2,26.6181818182,9.5982780825,0.3605910482,0.6762295082,2.5,0.0909090909,2.6566666667,0.1007203336,27.5,26.3766666667,0.0637808493,0.0960384119
154,Hymenoptera,Camponotus,fellah,Ant1,4,31,55,666,0.1726681637,0.499995491,2,24.2181818182,8.3157920064,0.3433697901,0.6726726727,2.5,0.0909090909,2.1466666667,0.0879300928,27.5,24.4133333333,0.0009829738,0.0014613023
155,Hymenoptera,Camponotus,fellah,Ant1,4,32,35,276,0.1320691556,0.5088807498,3,15.7714285714,5.8995676078,0.3740667867,0.6231884058,5.7927157323,0.4965184913,4.112633185,0.2974979129,11.6666666667,13.8240740741,0.1668102409,0.3279317826
156,Hymenoptera,Camponotus,fellah,Ant1,4,33,35,279,0.162709883,0.5067959045,3,15.9428571429,5.6058278713,0.3516200278,0.6559139785,6.5996632911,0.5656854249,2.6467859025,0.1770950235,11.6666666667,14.9455690508,0.2549246382,0.5210267634
157,Hymenoptera,Camponotus,fellah,Ant1,4,34,35,304,0.116695161,0.7088004242,4,17.3714285714,6.3294581772,0.3643602569,0.4078947368,2.2776083948,0.2602981023,3.3521795056,0.2024929959,8.75,16.5545454545,0.0998807995,0.2708939898
158,Hymenoptera,Camponotus,fellah,Ant1,4,35,35,306,0.1274456406,0.4967266863,3,17.4857142857,6.5873100019,0.3767252452,0.6307189542,6.0184900284,0.5158705739,3.2394822953,0.2038597412,11.6666666667,15.8907407407,0.1968940447,0.3989383068
159,Hymenoptera,Camponotus,fellah,Ant1,4,36,35,282,0.2052713646,0.453498315,2,16.1142857143,5.6708348016,0.3519135072,0.7517730496,1.5,0.0857142857,3.5592105263,0.2251352476,17.5,15.8092105263,0.0834627329,0.1149118119
160,Hymenoptera,Camponotus,fellah,Ant1,4,37,35,291,0.1606204461,0.4939537795,2,16.6285714286,5.6471773697,0.3396068865,0.6666666667,0.5,0.0285714286,1.3545751634,0.0816507436,17.5,16.589869281,0.0371038885,0.0559985567
161,Hymenoptera,Camponotus,fellah,Ant1,4,38,35,275,0.1844892562,0.4899438017,2,15.7142857143,5.4172814931,0.344736095,0.6945454545,1.5,0.0857142857,0.8881578947,0.0567942785,17.5,15.6381578947,0.0442081399,0.0642302565
162,Hymenoptera,Camponotus,fellah,Ant1,4,39,35,294,0.1129795456,0.721823083,4,16.8,6.1866215105,0.3682512804,0.3911564626,2.2776083948,0.2602981023,2.7241157839,0.165233399,8.75,16.4864718615,0.080376659,0.2196257175
163,Hymenoptera,Camponotus,fellah,Ant1,4,40,35,289,0.192358808,0.4899366626,2,16.5142857143,5.6181920253,0.3402019392,0.7024221453,0.5,0.0285714286,1.8725490196,0.1137581894,17.5,16.4607843137,0.0430840665,0.0618748465
164,Hymenoptera,Camponotus,fellah,Ant1,4,41,35,304,0.1558171745,0.4913434903,2,17.3714285714,6.2431023162,0.3593891136,0.6644736842,0.5,0.0285714286,1.7908496732,0.1033962264,17.5,17.3202614379,0.0449260042,0.0682182986
165,Hymenoptera,Camponotus,fellah,Ant1,5,1,152,5611,0.1892823664,0.499922181,2,73.8289473684,17.9178594806,0.2426942293,0.6893601854,1,0.0131578947,0.0503896104,0.0006825122,76,73.8296103896,0.0038759886,0.0056229828
166,Hymenoptera,Camponotus,fellah,Ant1,5,2,152,5700,0.1968548938,0.4991355956,2,75,18.141258588,0.2418834478,0.6977192982,2,0.0263157895,1.1455301455,0.0152798769,76,74.9698544699,0.0125902796,0.0180584557
167,Hymenoptera,Camponotus,fellah,Ant1,5,3,152,5294,0.2178081972,0.6418731765,3,69.6578947368,17.8915244795,0.2568484814,0.5759350208,14.7044966667,0.2902203289,1.342710194,0.0191691748,50.6666666667,70.0452788757,0.1295018342,0.2391162326
168,Hymenoptera,Camponotus,fellah,Ant1,5,4,152,5278,0.2011610859,0.5679666941,3,69.4473684211,18.2150131375,0.2622851456,0.6331943918,28.8598144292,0.5696016006,6.4925008087,0.0887901484,50.6666666667,73.1218600954,0.2677400657,0.5489226275
169,Hymenoptera,Camponotus,fellah,Ant1,5,5,152,5094,0.2063189463,0.5482898925,3,67.0263157895,17.5044909156,0.2611584824,0.6580290538,30.8796948747,0.609467662,4.604429287,0.065949239,50.6666666667,69.8177774154,0.2956810825,0.6136671387
170,Hymenoptera,Camponotus,fellah,Ant1,5,6,152,5259,0.1980011376,0.4971074315,2,69.1973684211,19.0031297539,0.2746221451,0.700893706,5,0.0657894737,0.7137889063,0.0103222659,76,69.1504086246,0.0228824289,0.0327287735
171,Hymenoptera,Camponotus,fellah,Ant1,5,7,152,5686,0.1873972258,0.4962259279,2,74.8157894737,19.0533948669,0.2546707721,0.6911712979,6,0.0789473684,0.5972125436,0.0079874736,76,74.768641115,0.02703512,0.0392483123
172,Hymenoptera,Camponotus,fellah,Ant1,5,8,152,5694,0.1971790535,0.6604737497,3,74.9210526316,18.8220637312,0.2512252974,0.5367053038,9.7410927975,0.1922584105,4.2832642018,0.0565766293,50.6666666667,75.7073062619,0.091729051,0.1744667208
173,Hymenoptera,Camponotus,fellah,Ant1,5,9,152,5606,0.1936521557,0.6376407394,3,73.7631578947,19.4745910173,0.2640151476,0.5560114163,16.8193010821,0.3319598898,3.6040265043,0.0482474409,50.6666666667,74.6988117686,0.1256838638,0.2408054872
174,Hymenoptera,Camponotus,fellah,Ant1,5,10,152,5638,0.1921620488,0.4924458374,2,74.1842105263,20.2388439226,0.2728187545,0.6997162114,9,0.1184210526,0.338191396,0.0045612681,76,74.1441615452,0.0374758579,0.0539135776
175,Hymenoptera,Camponotus,fellah,Ant1,5,11,152,5647,0.1950514524,0.6351081196,3,74.3026315789,18.8432032538,0.2536007521,0.5599433327,17.1334630345,0.3381604546,4.1238243316,0.0547230671,50.6666666667,75.3580628149,0.1604741094,0.3142882268
176,Hymenoptera,Camponotus,fellah,Ant1,5,12,132,4219,0.1775899678,0.6322000649,3,63.9242424242,18.4537181981,0.2886810621,0.5453899028,14.1421356237,0.3214121733,6.2639933698,0.0977438825,44,64.0857843137,0.1096510319,0.213149219
177,Hymenoptera,Camponotus,fellah,Ant1,5,13,133,4310,0.1989198217,0.6529801465,3,64.8120300752,19.2678587703,0.2972883082,0.5459396752,9.5335664307,0.2150428518,4.3812662338,0.0672089758,44.3333333333,65.1887070618,0.107281199,0.203311701
178,Hymenoptera,Camponotus,fellah,Ant1,5,14,133,3852,0.2307542898,0.6505362213,3,57.9248120301,16.9358027397,0.2923756184,0.5802180685,9.6724120857,0.2181747087,2.8743623683,0.049591104,44.3333333333,57.9612498161,0.098099526,0.1738097884
179,Hymenoptera,Camponotus,fellah,Ant1,5,15,133,4200,0.2242636905,0.6418827381,3,63.1578947368,15.8017997001,0.2501951619,0.5823809524,13.8884444373,0.3132731828,2.9484510302,0.046011172,44.3333333333,64.081198138,0.1538797736,0.2842064432
180,Hymenoptera,Camponotus,fellah,Ant1,5,16,133,4204,0.2248360494,0.6453879048,3,63.2180451128,17.7972450119,0.2815215969,0.5794481446,12.6578916974,0.2855163541,2.4296370998,0.038027361,44.3333333333,63.8918146987,0.1429880423,0.2620642774
181,Hymenoptera,Camponotus,fellah,Ant1,5,17,133,4376,0.2213837151,0.4992630569,2,65.8045112782,17.3358937679,0.2634453692,0.7221206581,3.5,0.0526315789,0.9396825397,0.0142691863,66.5,65.853968254,0.0106838751,0.0148035469
182,Hymenoptera,Camponotus,fellah,Ant1,5,18,133,4320,0.2298239508,0.6173239508,3,64.962406015,16.5984898376,0.2555091607,0.6125,17.9876500843,0.4057364681,2.8195697252,0.0427648435,44.3333333333,65.9319546941,0.2093335559,0.3934942286
183,Hymenoptera,Camponotus,fellah,Ant1,5,19,133,4047,0.2419126841,0.6434446831,3,60.8571428571,15.4832642403,0.2544198349,0.598468001,14.5220139405,0.3275642242,5.834145342,0.0930125181,44.3333333333,62.724302744,0.1826032032,0.3318226879
184,Hymenoptera,Camponotus,fellah,Ant1,5,20,133,4178,0.2268414976,0.608842455,3,62.8270676692,16.1945462268,0.2577638401,0.6179990426,20.1549552771,0.4546230514,4.0041695269,0.0619519368,44.3333333333,64.6334841629,0.2227425096,0.4233306063
185,Hymenoptera,Camponotus,fellah,Ant1,5,21,132,4182,0.2289175547,0.649529702,3,63.3636363636,16.6516323375,0.2627947715,0.5793878527,11.3431330181,0.2577984777,4.1071625484,0.0639977786,44,64.1766423551,0.1522717888,0.2790391018
186,Hymenoptera,Camponotus,fellah,Ant1,5,22,89,1811,0.1820752436,0.6403855694,3,40.6966292135,11.3280049657,0.2783524136,0.5416896742,7.7602978179,0.2615830725,3.9635609217,0.0979856378,29.6666666667,40.4504273504,0.075723535,0.1441373385
187,Hymenoptera,Camponotus,fellah,Ant1,5,23,89,1841,0.1732351198,0.6436316434,3,41.3707865169,12.6387864075,0.3055002689,0.5296034764,8.1785627643,0.2756818909,3.5844373123,0.0859809167,29.6666666667,41.6887543351,0.1042899001,0.2060094556
188,Hymenoptera,Camponotus,fellah,Ant1,5,24,89,1845,0.1743317103,0.4881528485,2,41.4606741573,12.7359141666,0.3071805856,0.6861788618,4.5,0.1011235955,2.2119897959,0.0536409133,44.5,41.2369897959,0.0494787067,0.0729169346
189,Hymenoptera,Camponotus,fellah,Ant1,5,25,89,1739,0.1911211555,0.4976191429,2,39.0786516854,12.4541628969,0.3186947952,0.6935020127,1.5,0.0337078652,1.3809403438,0.0353796038,44.5,39.0321031345,0.0212511392,0.0307081601
190,Hymenoptera,Camponotus,fellah,Ant1,5,26,89,1794,0.1706425108,0.5942768475,3,40.3146067416,13.3463756016,0.3310555821,0.5763656633,10.0774776386,0.3396902575,9.215233254,0.2439032983,29.6666666667,37.7823232323,0.0815462349,0.1509514166
191,Hymenoptera,Camponotus,fellah,Ant1,5,27,89,1827,0.1572304264,0.4965845589,2,41.0561797753,14.2050470146,0.3459904719,0.6606458675,3.5,0.0786516854,0.1651422764,0.0040236218,44.5,41.0431910569,0.0282402369,0.0428979631
192,Hymenoptera,Camponotus,fellah,Ant1,5,28,89,1903,0.146942806,0.6514094376,3,42.7640449438,14.4727737198,0.3384332268,0.4955333684,7.3181661334,0.2466797573,4.470423793,0.1033942748,29.6666666667,43.2366666667,0.085334902,0.1780863942
193,Hymenoptera,Camponotus,fellah,Ant1,5,29,89,1802,0.1525792651,0.4988611741,2,40.4943820225,14.0697488822,0.3474494036,0.653718091,0.5,0.0112359551,1.4777777778,0.0365083722,44.5,40.4777777778,0.0165639445,0.0253687316
194,Hymenoptera,Camponotus,fellah,Ant1,5,30,88,1773,0.1737272028,0.6599088159,3,40.2954545455,13.1150148952,0.3254713228,0.5138183869,4.9888765157,0.1700753358,2.6411357808,0.0651122157,29.3333333333,40.5628306878,0.0749431852,0.1488417675
195,Hymenoptera,Camponotus,fellah,Ant1,5,31,89,1680,0.1589779974,0.6554065689,3,37.7528089888,14.379511719,0.3808858759,0.5035714286,6.5489609015,0.2207514911,2.3268632145,0.0610065497,29.6666666667,38.1412033218,0.0847400168,0.1735579704
196,Hymenoptera,Camponotus,fellah,Ant1,5,32,65,1041,0.1422964876,0.6072340477,3,32.0307692308,9.2785430401,0.2896759354,0.53506244,9.1043335225,0.4202000087,0.4851034556,0.0151373807,21.6666666667,32.0467236467,0.1759264431,0.3813225144
197,Hymenoptera,Camponotus,fellah,Ant1,5,33,66,1022,0.1358915024,0.6143650836,3,30.9696969697,10.1234347042,0.3268819425,0.5215264188,7.0710678119,0.3214121733,3.6364364661,0.1213893896,22,29.9567901235,0.1188454938,0.25036813
198,Hymenoptera,Camponotus,fellah,Ant1,5,34,66,952,0.1748193763,0.4993992082,2,28.8484848485,9.9897560019,0.3462835589,0.6754201681,1,0.0303030303,0.1259191176,0.0043654208,33,28.8446691176,0.0112647272,0.0166877507
199,Hymenoptera,Camponotus,fellah,Ant1,5,35,66,1055,0.1493672649,0.4991302981,2,31.9696969697,10.1831258179,0.3185243147,0.6502369668,1,0.0303030303,0.3648897059,0.0114175606,33,31.9586397059,0.0146126908,0.0224939526
200,Hymenoptera,Camponotus,fellah,Ant1,5,36,66,1053,0.1282263221,0.6866308805,4,31.9090909091,10.899996209,0.3415953228,0.4415954416,7.2972597597,0.4422581673,3.9232763611,0.125887388,16.5,31.1649675325,0.1546421895,0.423583454
201,Hymenoptera,Camponotus,fellah,Ant1,5,37,66,1038,0.1434584999,0.6039594633,3,31.4545454545,10.0907725898,0.3208049089,0.5394990366,9.4162979279,0.4280135422,1.2405999736,0.0393246948,22,31.5476059186,0.1862207042,0.4050154675
202,Hymenoptera,Camponotus,fellah,Ant1,5,38,66,969,0.1259466581,0.783325399,5,29.3636363636,10.1199418546,0.3446419827,0.342621259,3.4871191548,0.2641756935,2.2865855498,0.0781465547,13.2,29.2602221308,0.0743298065,0.2306818854
203,Hymenoptera,Camponotus,fellah,Ant1,5,39,66,1076,0.1271277864,0.6615144035,3,32.6060606061,10.4806875611,0.3214337263,0.4656133829,3.7416573868,0.1700753358,1.4758538237,0.0449209071,22,32.8544973545,0.0613183882,0.1338600596
204,Hymenoptera,Camponotus,fellah,Ant1,5,40,66,1059,0.1369399036,0.6468549177,3,32.0909090909,10.1230718669,0.3154498315,0.4900849858,5.3541261347,0.2433693698,1.5758535803,0.0491533103,22,32.0599685276,0.084078334,0.178902074
205,Hymenoptera,Camponotus,fellah,Ant1,5,41,66,1035,0.1531933067,0.6459469299,3,31.3636363636,10.0024790316,0.3189196213,0.5072463768,5.8878405776,0.2676291172,0.9299313827,0.0295307456,22,31.4902777778,0.0887562024,0.1827853959
206,Hymenoptera,Camponotus,fellah,Ant1,6,1,164,6248,0.2291983499,0.5926746623,3,76.1951219512,19.7366435382,0.2590276521,0.6365236876,26.2466929134,0.4801224313,3.7534677151,0.0484579859,54.6666666667,77.4581866935,0.2531872577,0.487628122
207,Hymenoptera,Camponotus,fellah,Ant1,6,2,164,6241,0.2195136128,0.5917296038,3,76.1097560976,19.3724761362,0.254533415,0.627784009,26.3860232362,0.4826711568,4.5103831744,0.0581428281,54.6666666667,77.5741965279,0.2396886062,0.4638815122
208,Hymenoptera,Camponotus,fellah,Ant1,6,3,164,6173,0.2169174907,0.5511148016,3,75.2804878049,21.4329780036,0.2847082774,0.6658026891,33.2498955721,0.6082297971,8.2836296164,0.1033549416,54.6666666667,80.1473978104,0.2978636947,0.6061185811
209,Hymenoptera,Camponotus,fellah,Ant1,6,4,163,6299,0.224737956,0.4911294467,2,77.2883435583,19.810675664,0.2563216489,0.7336085093,8.5,0.1042944785,2.2582952816,0.0293084069,81.5,77.0528158295,0.0361230765,0.0495653427
210,Hymenoptera,Camponotus,fellah,Ant1,6,5,163,5994,0.2339896898,0.4758982651,2,73.5460122699,19.9410796066,0.2711374688,0.7580914248,12.5,0.1533742331,4.9844279988,0.0684847933,81.5,72.781529448,0.0558015544,0.0748170546
211,Hymenoptera,Camponotus,fellah,Ant1,6,6,163,6404,0.2049220877,0.4944286461,2,78.5766871166,20.0844522798,0.255603195,0.7104934416,5.5,0.0674846626,3.0054446461,0.0383475361,81.5,78.3738656987,0.0309043888,0.0436977167
212,Hymenoptera,Camponotus,fellah,Ant1,6,7,163,6473,0.2160071369,0.5446028422,3,79.4233128834,19.6427903087,0.2473176904,0.6714042948,33.6286914537,0.6189329715,6.6878438157,0.0801264547,54.3333333333,83.4661141978,0.3040193472,0.622972625
213,Hymenoptera,Camponotus,fellah,Ant1,6,8,164,6312,0.1924425541,0.6450724654,3,76.9756097561,22.5068962926,0.2923899708,0.5473700887,17.0163320241,0.3112743663,9.4288239131,0.1188344481,54.6666666667,79.3441974305,0.1501281826,0.2929828562
214,Hymenoptera,Camponotus,fellah,Ant1,6,9,163,6621,0.2247676147,0.4993484937,2,81.2392638037,21.4587160651,0.2641421778,0.725419121,0.5,0.0061349693,3.431044866,0.0422228851,81.5,81.2603131587,0.0099245509,0.0136878865
215,Hymenoptera,Camponotus,fellah,Ant1,6,10,163,6471,0.2372863168,0.5463575577,3,79.3987730061,20.9157057486,0.2634260576,0.6909287591,32.8261413443,0.6041621106,1.327998064,0.016597152,54.3333333333,80.0136111111,0.3078680594,0.6083908964
216,Hymenoptera,Camponotus,fellah,Ant1,6,11,164,6178,0.2467111706,0.4992200732,2,75.3414634146,20.3543124886,0.2701608326,0.7474910974,3,0.0365853659,0.2195085629,0.0029138266,82,75.3334326136,0.0099884151,0.0133696432
217,Hymenoptera,Camponotus,fellah,Ant1,6,12,142,4855,0.2464460498,0.5352205091,3,68.3802816901,16.9467818185,0.2478314128,0.7112255407,30.0702880303,0.6352877753,9.6431748832,0.1306754067,47.3333333333,73.7948717949,0.3272962616,0.6439948597
218,Hymenoptera,Camponotus,fellah,Ant1,6,13,143,4490,0.2645496798,0.4921666063,2,62.7972027972,18.1457037781,0.2889571982,0.7723830735,3.5,0.048951049,4.7976470588,0.0766858475,71.5,62.5623529412,0.0289435895,0.0376496938
219,Hymenoptera,Camponotus,fellah,Ant1,6,14,142,5074,0.2492990225,0.4999888136,2,71.4647887324,16.8584253905,0.235898345,0.7493102089,0,0,0.338028169,0.0047299961,71,71.4647887324,0.0011857883,0.0015825183
220,Hymenoptera,Camponotus,fellah,Ant1,6,15,142,4619,0.2538822885,0.5082663543,3,65.0563380282,17.5562575209,0.2698623693,0.7456159342,31.4783876475,0.6650363588,6.9858669139,0.1140751356,47.3333333333,61.2391725474,0.3388265158,0.6577550053
221,Hymenoptera,Camponotus,fellah,Ant1,6,16,142,4624,0.2516414051,0.4979649345,2,65.1267605634,17.4068382042,0.2672762787,0.7536764706,1,0.014084507,3.2382936508,0.049757781,71,65.0811507937,0.0157790674,0.0209641297
222,Hymenoptera,Camponotus,fellah,Ant1,6,17,142,4632,0.2714032358,0.4987348421,2,65.2394366197,16.3981833318,0.2513538464,0.7726683938,2,0.0281690141,1.445106214,0.0221646377,71,65.1987294024,0.0114642985,0.0148483636
223,Hymenoptera,Camponotus,fellah,Ant1,6,18,142,4482,0.2733235237,0.4993386955,2,63.1267605634,16.3865537264,0.2595817302,0.7739848282,1,0.014084507,1.4069444444,0.0222946057,71,63.1069444444,0.0082305362,0.0106380902
224,Hymenoptera,Camponotus,fellah,Ant1,6,19,142,4553,0.2718672179,0.4996291331,2,64.1267605634,17.0871251898,0.2664585742,0.7722380848,1,0.014084507,2.6501984127,0.0413034538,71,64.1640873016,0.0062076524,0.0080402817
225,Hymenoptera,Camponotus,fellah,Ant1,6,20,142,4780,0.2352390321,0.4998833835,2,67.323943662,17.9422191916,0.2665057662,0.7353556485,1,0.014084507,0.0799603175,0.001187715,71,67.3228174603,0.0040425825,0.0054979138
226,Hymenoptera,Camponotus,fellah,Ant1,6,21,142,5084,0.2392451775,0.4998667353,2,71.6056338028,17.2581712618,0.2410169472,0.7393784422,2,0.0281690141,0.8487194759,0.0118487353,71,71.6295413937,0.0042559709,0.0057566879
227,Hymenoptera,Camponotus,fellah,Ant1,6,22,117,3002,0.2560930954,0.497265647,2,51.3162393162,13.788171304,0.2686902136,0.7588274484,6.5,0.1111111111,1.9307692308,0.0374682788,58.5,51.5307692308,0.0179329489,0.0236738195
228,Hymenoptera,Camponotus,fellah,Ant1,6,23,117,3432,0.2146109766,0.4925830046,2,58.6666666667,14.6585058881,0.2498608958,0.722027972,6.5,0.1111111111,0.6346153846,0.0108303249,58.5,58.5961538462,0.0343653427,0.047873099
229,Hymenoptera,Camponotus,fellah,Ant1,6,24,118,3226,0.2149537007,0.4973467571,2,54.6779661017,16.6829260917,0.3051124115,0.7176069436,7,0.1186440678,2.5399184149,0.0461977116,59,54.9793123543,0.0206808425,0.0288798072
230,Hymenoptera,Camponotus,fellah,Ant1,6,25,118,3194,0.2113266931,0.4999929423,2,54.1355932203,16.506247022,0.3049056275,0.7113337508,2,0.0338983051,2.0408398044,0.0376505545,59,54.2047742307,0.0010845472,0.0015246759
231,Hymenoptera,Camponotus,fellah,Ant1,6,26,117,3374,0.1743479549,0.578023118,3,57.6752136752,17.6909987542,0.3067348628,0.596324837,21.2289111041,0.544331054,5.545988105,0.0916060944,39,60.5416936662,0.2513948256,0.5386186804
232,Hymenoptera,Camponotus,fellah,Ant1,6,27,117,3285,0.1986223065,0.4999921696,2,56.1538461538,15.5610819525,0.2771151581,0.698630137,2.5,0.0427350427,2.181498829,0.0387842198,58.5,56.2470725995,0.0011926544,0.0017071442
233,Hymenoptera,Camponotus,fellah,Ant1,6,28,118,3341,0.1869633545,0.5784629056,3,56.6271186441,16.7654793692,0.2960680284,0.608500449,21.5458168149,0.5477750038,5.8491643817,0.097950502,39.3333333333,59.7155120708,0.2591341191,0.545314321
234,Hymenoptera,Camponotus,fellah,Ant1,6,29,117,3302,0.2094633834,0.498379192,2,56.4444444444,16.4604911312,0.2916228744,0.7110841914,3.5,0.0598290598,0.1639296188,0.0029037603,58.5,56.4542521994,0.016502973,0.0232388913
235,Hymenoptera,Camponotus,fellah,Ant1,6,30,118,3252,0.2222938973,0.4990466648,2,55.1186440678,16.2053399295,0.2940083198,0.7232472325,3,0.0508474576,0.3968894009,0.0071980025,59,55.1388248848,0.0121076157,0.016752878
236,Hymenoptera,Camponotus,fellah,Ant1,6,31,118,2857,0.2125536098,0.5254692556,3,48.4237288136,16.1897680492,0.334335427,0.6870843542,25.9529488798,0.6598207342,2.354399171,0.0472353083,39.3333333333,49.844052208,0.3145842674,0.6518060319
237,Hymenoptera,Camponotus,fellah,Ant1,6,32,91,2009,0.1781910472,0.4992462986,2,44.1538461538,14.1630404919,0.3207657254,0.6789447486,1.5,0.032967033,0.2589458414,0.0058657612,45.5,44.1453094778,0.0124838803,0.0184003172
238,Hymenoptera,Camponotus,fellah,Ant1,6,33,91,1869,0.2055210166,0.4955156662,2,41.0769230769,13.3467951203,0.3249219786,0.7100053505,2.5,0.0549450549,1.6380813953,0.0399659562,45.5,40.9869186047,0.0277119167,0.039175379
239,Hymenoptera,Camponotus,fellah,Ant1,6,34,90,1792,0.1781304807,0.4962108379,2,39.8222222222,12.8093522933,0.3216634225,0.6819196429,2,0.0444444444,1.7001484414,0.042774624,45,39.7466600693,0.0279014775,0.0410623379
240,Hymenoptera,Camponotus,fellah,Ant1,6,35,90,1802,0.1623315012,0.4991794479,2,40.0444444444,13.4039058247,0.3347257281,0.6631520533,1,0.0222222222,0.7327075099,0.0183048002,45,40.0281620553,0.0136683247,0.0206283714
241,Hymenoptera,Camponotus,fellah,Ant1,6,36,91,1904,0.1683936902,0.5665029339,3,41.8461538462,14.2242040098,0.3399166399,0.6018907563,16.6799946709,0.5498899342,1.2921166423,0.0309694765,30.3333333333,41.7222629223,0.2502398465,0.538316665
242,Hymenoptera,Camponotus,fellah,Ant1,6,37,91,1781,0.1822594918,0.5573296771,3,39.1428571429,14.5046952827,0.3705579087,0.6249298147,16.6799946709,0.5498899342,3.6693408105,0.0929053299,30.3333333333,39.4954822955,0.258785994,0.5389151296
243,Hymenoptera,Camponotus,fellah,Ant1,6,38,91,2002,0.1622389848,0.5413598639,3,44,15.1556031781,0.3444455268,0.6208791209,18.6607133364,0.6151883517,3.716208595,0.0828473689,30.3333333333,44.8560846561,0.2749311471,0.607389562
244,Hymenoptera,Camponotus,fellah,Ant1,6,39,91,1968,0.1560861745,0.6438910526,3,43.2527472527,14.6502022689,0.3387114854,0.512195122,8.0138768534,0.2641937424,0.1665055706,0.0038457665,30.3333333333,43.2958089669,0.1175287972,0.2439741342
245,Hymenoptera,Camponotus,pennsylvanicus,Ant,1,1,12,11,0.4834710744,0.6652892562,3,1.8333333333,0.5527707984,0.3015113446,0.8181818182,0,0,0.1178511302,0.0642824347,4,1.8333333333,0.0505076272,0.0614875462
246,Hymenoptera,Camponotus,pennsylvanicus,Ant,1,2,14,14,0.4566326531,0.7423469388,4,2,0.9258200998,0.4629100499,0.7142857143,0.5,0.1428571429,0.1767766953,0.0883883476,3.5,2,0.0824786099,0.1154700538
247,Hymenoptera,Camponotus,pennsylvanicus,Ant,1,3,6,5,0.22,0.42,2,1.6666666667,1.1055415968,0.6633249581,0.8,1,0.3333333333,0.125,0.0769230769,3,1.625,0.0952380952,0.125
248,Hymenoptera,Camponotus,pennsylvanicus,Ant,1,4,16,17,0.4636678201,0.6989619377,4,2.125,1.1659223816,0.5486693561,0.7647058824,1.2247448714,0.3061862178,0.3602420097,0.1746627926,4,2.0625,0.1097306535,0.1449272783
249,Hymenoptera,Camponotus,pennsylvanicus,Ant,1,5,14,13,0.5118343195,0.7426035503,4,1.8571428571,0.742307489,0.3997040325,0.7692307692,0.5,0.1428571429,0.1487797589,0.0802407689,3.5,1.8541666667,0.0699322437,0.0910040042
250,Hymenoptera,Camponotus,pennsylvanicus,Ant,1,6,4,3,0.1666666667,0.5,2,1.5,0.5,0.3333333333,0.6666666667,0,0,0,0,2,1.5,0,0
251,Hymenoptera,Camponotus,pennsylvanicus,Ant,1,7,10,10,0.395,0.495,2,2,1,0.5,0.9,0,0,0.2,0.1,5,2,0.0101010101,0.0112359551
252,Hymenoptera,Camponotus,pennsylvanicus,Ant,1,8,29,36,0.5235339506,0.7735339506,5,2.4827586207,1.2490186397,0.5030769521,0.75,1.6,0.275862069,0.3231786572,0.1310183745,5.8,2.4666666667,0.1149658078,0.1602945123
253,Hymenoptera,Camponotus,pennsylvanicus,Ant,2,1,12,12,0.4340277778,0.6006944444,3,2,1.1547005384,0.5773502692,0.8333333333,1.4142135624,0.3535533906,0.2943920289,0.1549431731,4,1.9,0.0991340941,0.1251820831
254,Hymenoptera,Camponotus,pennsylvanicus,Ant,2,2,9,8,0.3828125,0.6328125,3,1.7777777778,0.9162456946,0.5153882032,0.75,0.8164965809,0.272165527,0.2041241452,0.1166423687,3,1.75,0.0897913373,0.1229750924
255,Hymenoptera,Camponotus,pennsylvanicus,Ant,2,3,17,19,0.4916897507,0.6495844875,3,2.2352941176,1.0588235294,0.4736842105,0.8421052632,0.9428090416,0.1663780662,0.3290886199,0.1476679705,5.6666666667,2.2285714286,0.05343542,0.0632841246
256,Hymenoptera,Camponotus,pennsylvanicus,Ant,2,4,14,17,0.437716263,0.73183391,4,2.4285714286,1.2371791483,0.5094267081,0.7058823529,0.5,0.1428571429,0.3697549864,0.1543325161,3.5,2.3958333333,0.0943034495,0.1377650393
257,Hymenoptera,Camponotus,pennsylvanicus,Ant,2,5,5,4,0.21875,0.46875,2,1.6,0.4898979486,0.3061862178,0.75,0.5,0.2,0.0833333333,0.0526315789,2.5,1.5833333333,0.0666666667,0.0909090909
258,Hymenoptera,Camponotus,pennsylvanicus,Ant,2,6,11,12,0.3298611111,0.7465277778,4,2.1818181818,0.8331955809,0.3818813079,0.5833333333,0.4330127019,0.1574591643,0.2165063509,0.0980406117,2.75,2.2083333333,0.1089009202,0.1890015971
259,Hymenoptera,Camponotus,pennsylvanicus,Ant,2,7,24,27,0.5617283951,0.7469135802,4,2.25,1.0897247359,0.4843221048,0.8148148148,1.2247448714,0.2041241452,0.2820166234,0.1222678522,6,2.306547619,0.0533575028,0.0658417903
260,Hymenoptera,Camponotus,pennsylvanicus,Ant,2,8,21,24,0.4895833333,0.7395833333,4,2.2857142857,1.0301575073,0.4506939094,0.75,1.2990381057,0.2474358297,0.4082482905,0.1749635531,5.25,2.3333333333,0.0701143987,0.0938583186
261,Carnivora,Procyon,lotor,Raccoon,1,1,23,63,0.3551272361,0.6884605694,4,5.4782608696,2.6844085288,0.4900110806,0.6666666667,2.2776083948,0.3961058078,1.4269172901,0.2876952952,5.75,4.9598214286,0.1554749295,0.2585264417
262,Carnivora,Procyon,lotor,Raccoon,1,2,22,50,0.4442,0.6642,3,4.5454545455,2.1685200803,0.4770744177,0.78,0.4714045208,0.0642824347,0.5134942101,0.1124733081,7.3333333333,4.5654761905,0.0669549407,0.0852115725
263,Carnivora,Procyon,lotor,Raccoon,1,3,23,50,0.4786,0.5986,3,4.347826087,1.7347771603,0.3989987469,0.88,2.6246692913,0.3423481684,0.6771754053,0.1642005922,7.6666666667,4.1240740741,0.1462505106,0.1783026589
264,Carnivora,Procyon,lotor,Raccoon,1,4,24,100,0.17055,0.53055,3,8.3333333333,4.3652669512,0.5238320341,0.64,3.7416573868,0.4677071733,1.7729970441,0.2287738121,8,7.75,0.1775469857,0.334340178
265,Carnivora,Procyon,lotor,Raccoon,1,5,22,67,0.3300289597,0.6583871686,3,6.0909090909,2.1723278446,0.3566508402,0.671641791,0.9428090416,0.1285648693,1.113019195,0.1800840046,7.3333333333,6.1805555556,0.083965836,0.1247882238
266,Carnivora,Procyon,lotor,Raccoon,1,6,22,75,0.3145777778,0.5812444444,3,6.8181818182,2.6906633794,0.394630629,0.7333333333,2.8674417557,0.3910147849,1.1834790432,0.1843760978,7.3333333333,6.4188311688,0.167798833,0.2573776152
267,Carnivora,Procyon,lotor,Raccoon,1,7,22,82,0.2183967876,0.6086406901,3,7.4545454545,2.8719216362,0.3852577805,0.6097560976,2.6246692913,0.3579094488,0.9351757145,0.1281417242,7.3333333333,7.297979798,0.0933107222,0.1619030004
268,Carnivora,Procyon,lotor,Raccoon,1,8,22,61,0.3505778017,0.6948400967,4,5.5454545455,2.4444235745,0.4407976938,0.6557377049,1.1180339887,0.203278907,1.5737010084,0.3010496122,5.5,5.2273809524,0.0387007987,0.0587062104
269,Carnivora,Procyon,lotor,Raccoon,1,9,21,60,0.2623611111,0.6290277778,4,5.7142857143,3.0101867865,0.5267826876,0.6333333333,2.2776083948,0.4338301704,1.9524572007,0.3725865848,5.25,5.2402777778,0.1551640989,0.2556076043
270,Carnivora,Procyon,lotor,Raccoon,1,10,19,50,0.3038,0.5638,3,5.2631578947,2.3806700796,0.4523273151,0.74,1.2472191289,0.1969293361,1.7844536114,0.3631448842,6.3333333333,4.9138888889,0.1077198616,0.1521782704
271,Carnivora,Procyon,lotor,Raccoon,1,11,19,46,0.3716918715,0.5238657845,3,4.8421052632,1.9266321282,0.3978914178,0.847826087,3.0912061652,0.488085184,1.4300835251,0.3398218278,6.3333333333,4.2083333333,0.2215559853,0.3109741381
272,Carnivora,Procyon,lotor,Raccoon,1,12,19,48,0.3235677083,0.5944010417,4,5.0526315789,2.4164716386,0.4782600118,0.7291666667,1.920286437,0.4042708288,1.717328958,0.3870037088,4.75,4.4375,0.1510234756,0.2111129976
273,Carnivora,Procyon,lotor,Raccoon,1,13,19,57,0.2602339181,0.6461988304,4,6,2.8097574347,0.4682929058,0.6140350877,1.920286437,0.4042708288,1.6333917932,0.2871897658,4.75,5.6875,0.2121849105,0.3582430099
274,Carnivora,Procyon,lotor,Raccoon,1,14,18,59,0.2957483482,0.5838839414,3,6.5555555556,2.6293687925,0.4010901548,0.7118644068,1.6329931619,0.272165527,1.7314938601,0.2839807698,6,6.0972222222,0.0867079383,0.1203215884
275,Carnivora,Procyon,lotor,Raccoon,1,15,18,49,0.2650978759,0.734485631,4,5.4444444444,2.3856567282,0.438181848,0.5306122449,0.5,0.1111111111,0.7869045368,0.1467421048,4.5,5.3625,0.1092311822,0.2027168671
276,Carnivora,Procyon,lotor,Raccoon,1,16,17,42,0.2797619048,0.4464285714,3,4.9411764706,2.1549010687,0.4361109306,0.8333333333,3.0912061652,0.5455069703,1.2747548784,0.2999423243,5.6666666667,4.25,0.1954910107,0.2734848336
277,Carnivora,Procyon,lotor,Raccoon,1,17,16,30,0.3127777778,0.5461111111,3,3.75,2.25,0.6,0.7666666667,1.2472191289,0.2338535867,1.285806875,0.3696364733,5.3333333333,3.4785714286,0.1307225255,0.1791047731
278,Carnivora,Procyon,lotor,Raccoon,1,18,9,19,0.0664819945,0.487534626,2,4.2222222222,2.0964402516,0.4965253227,0.5789473684,0.5,0.1111111111,0.2,0.0476190476,4.5,4.2,0.0681818182,0.12
279,Carnivora,Procyon,lotor,Raccoon,1,19,17,35,0.3697959184,0.6840816327,4,4.1176470588,1.9367150157,0.4703450752,0.6857142857,0.8291561976,0.1950955759,1.4874649856,0.3884565795,4.25,3.8291666667,0.0791446223,0.1098535369
280,Carnivora,Procyon,lotor,Raccoon,1,20,17,35,0.3697959184,0.6840816327,4,4.1176470588,1.9367150157,0.4703450752,0.6857142857,0.8291561976,0.1950955759,1.4874649856,0.3884565795,4.25,3.8291666667,0.0791446223,0.1098535369
281,Carnivora,Procyon,lotor,Raccoon,1,21,14,20,0.465,0.665,3,2.8571428571,1.5518257845,0.5431390246,0.8,0.4714045208,0.1010152545,0.0942809042,0.0328886875,4.6666666667,2.8666666667,0.062492126,0.077960474
282,Carnivora,Procyon,lotor,Raccoon,1,22,16,33,0.2970615243,0.5697887971,3,4.125,2.0879116361,0.5061603966,0.7272727273,1.6996731712,0.3186887196,1.1478616179,0.3044853976,5.3333333333,3.7698412698,0.1036090916,0.1385385177
283,Carnivora,Procyon,lotor,Raccoon,1,23,14,32,0.2016601563,0.5766601563,3,4.5714285714,2.4411439272,0.5340002341,0.625,1.2472191289,0.2672612419,1.3899107352,0.3309311274,4.6666666667,4.2,0.1383778991,0.2049090945
284,Carnivora,Procyon,lotor,Raccoon,1,24,14,41,0.1835217133,0.6469363474,3,5.8571428571,2.6147150311,0.4464147614,0.5365853659,0.4714045208,0.1010152545,0.9104333522,0.157878616,4.6666666667,5.7666666667,0.0167214661,0.0310204591
285,Carnivora,Procyon,lotor,Raccoon,1,25,13,35,0.1114285714,0.4542857143,3,5.3846153846,2.4973358586,0.4637909452,0.6571428571,2.0548046677,0.4741856925,2.203571107,0.5043595994,4.3333333333,4.369047619,0.1396332776,0.2279454937
286,Carnivora,Procyon,lotor,Raccoon,1,26,16,42,0.2287414966,0.4906462585,4,5.25,2.6339134382,0.5016977978,0.7380952381,2.3452078799,0.58630197,1.8393603583,0.4224368287,4,4.3541666667,0.2538574086,0.4050456185
287,Carnivora,Procyon,lotor,Raccoon,1,27,11,25,0.1312,0.2112,2,4.5454545455,1.9708621262,0.4335896678,0.92,2.5,0.4545454545,1.75,0.4666666667,5.5,3.75,0.1439393939,0.1775700935
288,Carnivora,Procyon,lotor,Raccoon,1,28,12,25,0.1848,0.5848,3,4.1666666667,2.1147629234,0.5075431016,0.6,0.8164965809,0.2041241452,1.6366934448,0.4172872805,4,3.9222222222,0.1082128456,0.1661277301
289,Carnivora,Procyon,lotor,Raccoon,1,29,8,18,0.049382716,0.4938271605,2,4.5,1.6583123952,0.3685138656,0.5555555556,0,0,0.5,0.1111111111,4,4.5,0.05,0.0909090909
290,Carnivora,Procyon,lotor,Raccoon,1,30,8,19,0.0443213296,0.4653739612,2,4.75,1.3919410907,0.2930402296,0.5789473684,1,0.25,0.0666666667,0.014084507,4,4.7333333333,0.119047619,0.2173913043
291,Carnivora,Procyon,lotor,Raccoon,1,31,10,23,0.0689981096,0.6342155009,3,4.6,2.4979991994,0.5430433042,0.4347826087,0.4714045208,0.1414213562,0.7576767609,0.1683726135,3.3333333333,4.5,0.1014990259,0.2502475984
292,Carnivora,Procyon,lotor,Raccoon,1,32,13,27,0.2668038409,0.5631001372,3,4.1538461538,1.9153691689,0.4611073925,0.7037037037,1.2472191289,0.287819799,1.2844031135,0.3233462384,4.3333333333,3.9722222222,0.1439594631,0.2225368414
293,Carnivora,Procyon,lotor,Raccoon,1,33,13,39,0.171268902,0.6071663379,3,6,2.6017745424,0.4336290904,0.5641025641,1.2472191289,0.287819799,0.7737993487,0.1339268104,4.3333333333,5.7777777778,0.1225564948,0.2391389348
294,Carnivora,Procyon,lotor,Raccoon,1,34,13,26,0.2670118343,0.6516272189,3,4,1.5689290811,0.3922322703,0.6153846154,0.4714045208,0.1087856586,0.5104464277,0.1286839734,4.3333333333,3.9666666667,0.019702065,0.0321232194
295,Carnivora,Procyon,lotor,Raccoon,1,35,14,23,0.443289225,0.6172022684,3,3.2857142857,1.3850513878,0.4215373789,0.8260869565,1.2472191289,0.2672612419,0.6118177732,0.1938859141,4.6666666667,3.1555555556,0.024185139,0.0290308979
296,Carnivora,Procyon,lotor,Raccoon,1,36,14,25,0.3288,0.6088,3,3.5714285714,1.6781914464,0.469893605,0.72,1.2472191289,0.2672612419,0.6124228346,0.1795376388,4.6666666667,3.4111111111,0.1349031008,0.1980442757
297,Carnivora,Procyon,lotor,Raccoon,1,37,14,18,0.4058641975,0.6280864198,3,2.5714285714,1.5452362609,0.6009252126,0.7777777778,1.2472191289,0.2672612419,0.2216659705,0.0878851865,4.6666666667,2.5222222222,0.0830106845,0.1060912209
298,Carnivora,Procyon,lotor,Raccoon,1,38,10,16,0.2578125,0.6328125,3,3.2,1.3266499161,0.4145780988,0.625,0.9428090416,0.2828427125,0.2357022604,0.0744322928,3.3333333333,3.1666666667,0.1694774326,0.296585507
299,Carnivora,Procyon,lotor,Raccoon,1,39,13,20,0.34125,0.59125,3,3.0769230769,1.4915938023,0.4847679857,0.75,0.9428090416,0.2175713173,1.0071350394,0.3382169909,4.3333333333,2.9777777778,0.1018926606,0.1444000282
300,Carnivora,Procyon,lotor,Raccoon,1,40,16,35,0.3657142857,0.48,2,4.375,2.0879116361,0.4772369454,0.8857142857,0,0,0.875,0.2,8,4.375,0.0238095238,0.027027027
301,Carnivora,Procyon,lotor,Raccoon,1,41,18,47,0.3114531462,0.4816659122,2,5.2222222222,2.7599427441,0.5284996744,0.829787234,0,0,1,0.1914893617,9,5.2222222222,0.0338345865,0.0410958904
302,Carnivora,Procyon,lotor,Raccoon,1,42,17,35,0.4453061224,0.473877551,2,4.1176470588,1.9061002054,0.4629100499,0.9714285714,0.5,0.0588235294,1.1875,0.2835820896,8.5,4.1875,0.0068906115,0.0071047957
303,Carnivora,Procyon,lotor,Raccoon,1,43,16,29,0.3941736029,0.4976218787,2,3.625,1.7633419975,0.4864391717,0.8965517241,1,0.125,0.7142857143,0.1923076923,8,3.7142857143,0.0071684588,0.008
304,Carnivora,Procyon,lotor,Raccoon,1,44,12,31,0.2414151925,0.4994797086,2,5.1666666667,1.8181186858,0.3518939392,0.7419354839,0,0,0.1666666667,0.0322580645,6,5.1666666667,0.0083333333,0.0112359551
305,Carnivora,Procyon,lotor,Raccoon,1,45,13,25,0.3496,0.5496,3,3.8461538462,1.6569737868,0.4308131846,0.8,1.6996731712,0.3922322703,1.3053545945,0.3903053605,4.3333333333,3.3444444444,0.0733210979,0.0966988393
306,Carnivora,Procyon,lotor,Raccoon,1,46,12,23,0.3695652174,0.5,2,3.8333333333,1.6749792702,0.436951114,0.8695652174,0,0,0,0,6,3.8333333333,0,0
307,Carnivora,Procyon,lotor,Raccoon,1,47,13,24,0.3506944444,0.6423611111,3,3.6923076923,1.3234346565,0.3584302195,0.7083333333,0.9428090416,0.2175713173,0.2739739557,0.0751757805,4.3333333333,3.6444444444,0.1835483214,0.2784159931
308,Carnivora,Procyon,lotor,Raccoon,1,48,14,23,0.3742911153,0.6351606805,3,3.2857142857,1.27775313,0.3888813874,0.7391304348,0.4714045208,0.1010152545,0.837987006,0.2565266345,4.6666666667,3.2666666667,0.0688797055,0.0927767462
309,Carnivora,Procyon,lotor,Raccoon,1,49,11,22,0.354338843,0.4907024793,2,4,1.2060453783,0.3015113446,0.8636363636,0.5,0.0909090909,0.1833333333,0.0460251046,5.5,3.9833333333,0.0189473684,0.02200489
310,Carnivora,Procyon,lotor,Raccoon,1,50,16,33,0.4090909091,0.5,2,4.125,1.8998355192,0.4605661865,0.9090909091,1,0.125,0.5238095238,0.125,8,4.1904761905,7.85046229341888E-017,8.63550852276076E-017
311,Carnivora,Procyon,lotor,Raccoon,1,51,15,34,0.3806228374,0.4982698962,2,4.5333333333,1.3097921803,0.2889247457,0.8823529412,0.5,0.0666666667,0.0357142857,0.0078740157,7.5,4.5357142857,0.0069444444,0.0078740157
312,Carnivora,Procyon,lotor,Raccoon,1,52,16,32,0.3002929688,0.6752929688,4,4,2.2360679775,0.5590169944,0.625,2.1213203436,0.5303300859,0.1220571964,0.0306236693,4,3.9857142857,0.2489847874,0.4991018385
313,Rodentia,Microtus,agrestis,Vole,1,1,13,14,0.4464285714,0.7321428571,4,2.1538461538,0.9483713851,0.4403152859,0.7142857143,0.4330127019,0.1332346775,0.3200477395,0.1506107009,3.25,2.125,0.0965387378,0.1360613083
314,Rodentia,Microtus,agrestis,Vole,1,2,44,71,0.6779408847,0.8187859552,7,3.2272727273,1.8569725651,0.5753999497,0.8591549296,2.1189138535,0.3370999312,1.0670905594,0.347925723,6.2857142857,3.0670068027,0.0738751903,0.0866417761
315,Rodentia,Microtus,agrestis,Vole,1,3,21,23,0.6058601134,0.7797731569,5,2.1904761905,1.2196427119,0.556793412,0.8260869565,1.166190379,0.2776643759,0.1528979325,0.0706770104,4.2,2.1633333333,0.1092012052,0.1372345972
316,Rodentia,Microtus,agrestis,Vole,1,4,15,16,0.48046875,0.73046875,4,2.1333333333,1.0873004287,0.5096720759,0.75,0.8291561976,0.2211083194,0.4327520139,0.2024570825,3.75,2.1375,0.1163571083,0.1557872412
317,Rodentia,Microtus,agrestis,Vole,1,5,37,62,0.573491155,0.7831685744,5,3.3513513514,2.2447080857,0.6697919288,0.7903225806,1.9595917942,0.2648097019,0.3518580419,0.1057538125,7.4,3.3271428571,0.0904766199,0.1164089178
318,Rodentia,Microtus,agrestis,Vole,1,6,108,231,0.7547366054,0.854303705,9,4.2777777778,2.6028237278,0.6084523,0.9004329004,4.4221663871,0.3685138656,1.2731575879,0.3127003618,12,4.0714938112,0.0623726162,0.0704089712
319,Rodentia,Microtus,agrestis,Vole,1,7,33,48,0.572265625,0.7389322917,4,2.9090909091,2.0354976514,0.6997023177,0.8333333333,1.2990381057,0.1574591643,0.8597977513,0.2863341262,8.25,3.0027777778,0.0957307163,0.1121696081
320,Rodentia,Microtus,agrestis,Vole,1,8,119,192,0.7745632595,0.8787299262,9,3.2268907563,1.8895420938,0.5855612218,0.8958333333,3.8809442659,0.2935167932,0.5188279925,0.1599974611,13.2222222222,3.2427264094,0.0605753382,0.0677576464
321,Rodentia,Microtus,agrestis,Vole,1,9,13,16,0.462890625,0.650390625,3,2.4615384615,1.1512791959,0.4677071733,0.8125,0.4714045208,0.1087856586,0.7191816337,0.2857675366,4.3333333333,2.5166666667,0.0981335291,0.122021296
322,Rodentia,Microtus,agrestis,Vole,1,10,28,44,0.6113119835,0.7476756198,5,3.1428571429,1.381362829,0.4395245365,0.8636363636,1.4966629547,0.2672612419,0.8120618477,0.272199502,5.6,2.9833333333,0.0590265298,0.0686121779
323,Rodentia,Microtus,agrestis,Vole,1,11,96,188,0.7565499095,0.8469754414,9,3.9166666667,2.5027762363,0.6390066986,0.9095744681,4.9665548086,0.4656145133,1.3726625624,0.3735990015,10.6666666667,3.6741601478,0.0431952367,0.048197557
324,Rodentia,Microtus,agrestis,Vole,1,12,173,382,0.7935363614,0.8877771991,11,4.4161849711,2.8141207542,0.6372289142,0.9057591623,5.738085032,0.3648493373,1.1282724282,0.2657877181,15.7272727273,4.245013413,0.0368594541,0.0409473457
325,Rodentia,Microtus,agrestis,Vole,1,13,45,58,0.6358501784,0.7910225922,6,2.5777777778,2.0274657294,0.7865168778,0.8448275862,2.5658007197,0.3421067626,0.6364627941,0.2521905808,7.5,2.5237373737,0.0614430584,0.072591032
326,Rodentia,Microtus,agrestis,Vole,1,14,18,28,0.4929846939,0.5644132653,3,3.1111111111,1.882341594,0.6050383695,0.9285714286,0.8164965809,0.1360827635,1.2669490873,0.4295898412,6,2.9492063492,0.04738282,0.0523426583
327,Rodentia,Microtus,agrestis,Vole,1,15,18,19,0.5817174515,0.7922437673,5,2.1111111111,0.99380799,0.4707511532,0.7894736842,0.8,0.2222222222,0.3650875085,0.1703363181,3.6,2.1433333333,0.0789506641,0.0996173009
328,Rodentia,Microtus,agrestis,Vole,1,16,8,9,0.3148148148,0.6481481481,3,2.25,0.6614378278,0.2939723679,0.6666666667,0.4714045208,0.1767766953,0.4374448819,0.1920489725,2.6666666667,2.2777777778,0.1779513042,0.2737712372
329,Rodentia,Microtus,agrestis,Vole,1,17,21,31,0.4292403746,0.7840790843,5,2.9523809524,2.0581126462,0.6971026705,0.6451612903,1.4696938457,0.3499271061,0.9792750338,0.3137265555,4.2,3.1214285714,0.1549957052,0.2379855316
330,Rodentia,Microtus,agrestis,Vole,1,18,16,25,0.46,0.54,3,3.125,1.7633419975,0.5642694392,0.92,1.6996731712,0.3186887196,1.0925317379,0.3877718281,5.3333333333,2.8174603175,0.0628539361,0.0707106781
331,Rodentia,Microtus,agrestis,Vole,1,19,4,6,0,0,1,3,0,0,1,0,0,0,0,4,3,0,0
332,Rodentia,Microtus,agrestis,Vole,1,20,0,0,nan,nan,nan,nan,nan,nan,nan,nan,nan,nan,nan,nan,nan,nan,nan
333,Rodentia,Microtus,agrestis,Vole,1,21,2,1,0,0,1,1,0,0,1,0,0,0,0,2,1,0,0
334,Rodentia,Microtus,agrestis,Vole,1,22,20,35,0.5579591837,0.6151020408,3,3.5,1.5652475842,0.4472135955,0.9428571429,1.2472191289,0.1870828693,0.8278065024,0.2473701395,6.6666666667,3.3464285714,0.0259103838,0.0277426489
335,Rodentia,Microtus,agrestis,Vole,1,23,60,86,0.6999729584,0.8162520281,7,2.8666666667,1.8299969642,0.638371034,0.8837209302,2.8212025226,0.3291402943,0.6145743934,0.2242013309,8.5714285714,2.7411719233,0.0238293424,0.0268314964
336,Rodentia,Microtus,agrestis,Vole,1,24,78,105,0.7141950113,0.8094331066,7,2.6923076923,2.001971415,0.7435893827,0.9047619048,4.5803484405,0.4110569113,0.4890598742,0.1950890117,11.1428571429,2.5068550497,0.0356740779,0.0394521145
337,Rodentia,Microtus,agrestis,Vole,1,25,14,21,0.522675737,0.6179138322,3,3,1.1952286093,0.3984095364,0.9047619048,0.4714045208,0.1010152545,0.9285592185,0.316554279,4.6666666667,2.9333333333,0.0893012363,0.102040757
338,Rodentia,Microtus,agrestis,Vole,1,26,16,19,0.4916897507,0.6495844875,4,2.375,1.4086784587,0.5931277721,0.8421052632,2.1213203436,0.5303300859,0.6190327379,0.2800148088,4,2.2107142857,0.1721367956,0.231444431
339,Rodentia,Microtus,agrestis,Vole,1,27,32,57,0.5561711296,0.7316097261,5,3.5625,2.3310070249,0.6543177614,0.8245614035,2.3323807579,0.3644344934,1.8582570528,0.4913547987,6.4,3.7819047619,0.1908187396,0.2402394204
340,Rodentia,Microtus,agrestis,Vole,1,28,27,41,0.5514574658,0.7709696609,5,3.037037037,1.6662550932,0.5486449697,0.7804878049,1.0198039027,0.1888525746,0.8725135063,0.2899633428,5.4,3.009047619,0.0710131697,0.0903944602
341,Rodentia,Microtus,agrestis,Vole,1,29,86,124,0.7609261186,0.8738293444,9,2.8837209302,2.002432269,0.6943918352,0.8870967742,1.7708197167,0.1853183424,0.7964340218,0.2785408918,9.5555555556,2.8593073593,0.0495174686,0.0564117619
342,Rodentia,Microtus,agrestis,Vole,1,30,51,76,0.7300900277,0.8221952909,6,2.9803921569,1.5528619508,0.5210260493,0.9078947368,1.7078251277,0.2009206033,0.6562105255,0.2186531422,8.5,3.0011483886,0.0343829695,0.0378278138
343,Rodentia,Microtus,agrestis,Vole,1,31,11,11,0.4008264463,0.5826446281,3,2,1.2060453783,0.6030226892,0.8181818182,1.2472191289,0.3401506715,0.3793268892,0.2014125076,3.6666666667,1.8833333333,0.0847387163,0.1078492753
344,Rodentia,Microtus,agrestis,Vole,1,32,6,5,0.26,0.66,3,1.6666666667,0.4714045208,0.2828427125,0.6,0,0,0.2357022604,0.1414213562,2,1.6666666667,0.0785674201,0.1285648693
345,Rodentia,Microtus,agrestis,Vole,2,1,28,33,0.6368227732,0.7580348944,5,2.3571428571,1.4445534583,0.6128408611,0.8787878788,1.8547236991,0.3312006606,0.3027120214,0.1318687412,5.6,2.2955555556,0.0753237518,0.0885656598
346,Rodentia,Microtus,agrestis,Vole,2,2,49,69,0.713715606,0.829657635,7,2.8163265306,1.4938440946,0.5304229032,0.884057971,1.8516401995,0.2645200285,0.6314974762,0.2299457117,7,2.7462894249,0.0569971945,0.0661511698
347,Rodentia,Microtus,agrestis,Vole,2,3,20,22,0.6002066116,0.7365702479,4,2.2,1.0770329614,0.489560437,0.8636363636,1.2247448714,0.2449489743,0.1364225462,0.0615440058,5,2.2166666667,0.0276927307,0.0320451887
348,Rodentia,Microtus,agrestis,Vole,2,4,6,9,0.1234567901,0.3456790123,2,3,1,0.3333333333,0.7777777778,1,0.3333333333,0.75,0.2727272727,3,2.75,0.1785714286,0.2631578947
349,Rodentia,Microtus,agrestis,Vole,2,5,14,17,0.4723183391,0.6487889273,3,2.4285714286,1.3997084244,0.5763505277,0.8235294118,0.4714045208,0.1010152545,0.4921607687,0.2022578501,4.6666666667,2.4333333333,0.0419026241,0.0505076272
350,Rodentia,Microtus,agrestis,Vole,2,6,28,41,0.5806067817,0.751338489,6,2.9285714286,1.7914194577,0.6117042051,0.8292682927,2.357022604,0.5050762723,1.2006585413,0.4468336405,4.6666666667,2.687037037,0.0721378557,0.0892917
351,Rodentia,Microtus,agrestis,Vole,2,7,34,58,0.5839774078,0.7391498216,5,3.4117647059,2.3404077958,0.6859815953,0.8448275862,2.4,0.3529411765,0.8592621282,0.2665881656,6.8,3.2231818182,0.085294413,0.1029306537
352,Rodentia,Microtus,agrestis,Vole,2,8,20,38,0.3975069252,0.6606648199,3,3.8,1.9899748742,0.5236775985,0.7368421053,0.4714045208,0.0707106781,0.361263704,0.0952285078,6.6666666667,3.7936507937,0.0096092412,0.0130406426
353,Rodentia,Microtus,agrestis,Vole,2,9,10,12,0.3194444444,0.4861111111,2,2.4,1.2806248475,0.5335936865,0.8333333333,0,0,0.4,0.1666666667,5,2.4,0.0285714286,0.0344827586
354,Rodentia,Microtus,agrestis,Vole,2,10,32,47,0.6057039384,0.7333635129,5,2.9375,1.4347800354,0.4884357567,0.8723404255,2.0591260282,0.3217384419,0.7956879252,0.2816357059,6.4,2.8252380952,0.0792877009,0.0941683078
355,Rodentia,Microtus,agrestis,Vole,2,11,27,36,0.6053240741,0.7719907407,5,2.6666666667,1.4401645996,0.5400617249,0.8333333333,1.8547236991,0.3434673517,0.867281833,0.3180740219,5.4,2.7266666667,0.0880224209,0.1071991595
356,Rodentia,Microtus,agrestis,Vole,2,12,89,159,0.7334361774,0.8214864918,7,3.5730337079,2.2430298552,0.6277662173,0.9119496855,4.861342722,0.3823527984,0.9529382118,0.2731941689,12.7142857143,3.4881352541,0.0673417638,0.0745007056
357,Rodentia,Microtus,agrestis,Vole,2,13,148,342,0.7966126329,0.8872559078,10,4.6216216216,2.626284513,0.5682603917,0.9093567251,3.3105890714,0.2236884508,0.8312205381,0.1822380615,14.8,4.5611796537,0.0566085375,0.0622979162
358,Rodentia,Microtus,agrestis,Vole,2,14,89,161,0.7776127464,0.8894139887,11,3.6179775281,1.6659553252,0.4604659129,0.8881987578,2.7783103254,0.3433866694,0.9064736693,0.2542232598,8.0909090909,3.5656598452,0.060486863,0.0681278415
359,Rodentia,Microtus,agrestis,Vole,2,15,20,23,0.6001890359,0.7306238185,4,2.3,1.0049875621,0.436951114,0.8695652174,0.7071067812,0.1414213562,0.4690970937,0.206574867,5,2.2708333333,0.0473803541,0.0549716816
360,Rodentia,Microtus,agrestis,Vole,2,16,14,16,0.509765625,0.634765625,3,2.2857142857,0.9583148475,0.4192627458,0.875,1.2472191289,0.2672612419,0.2078698548,0.0912599363,4.6666666667,2.2777777778,0.0546179382,0.0632523917
361,Rodentia,Microtus,agrestis,Vole,2,17,4,6,0,0,1,3,0,0,1,0,0,0,0,4,3,0,0
362,Rodentia,Microtus,agrestis,Vole,2,18,24,32,0.5541992188,0.6791992188,4,2.6666666667,1.490711985,0.5590169944,0.875,2.4494897428,0.4082482905,0.58630197,0.2269556013,6,2.5833333333,0.0580929747,0.0680076419
363,Rodentia,Microtus,agrestis,Vole,2,19,2,1,0,0,1,1,0,0,1,0,0,0,0,2,1,0,0
364,Rodentia,Microtus,agrestis,Vole,2,20,2,1,0,0,1,1,0,0,1,0,0,0,0,2,1,0,0
365,Rodentia,Microtus,agrestis,Vole,2,21,3,3,0,0,1,2,0,0,1,0,0,0,0,3,2,0,0
366,Rodentia,Microtus,agrestis,Vole,2,22,14,16,0.48046875,0.66796875,4,2.2857142857,1.2205719636,0.5340002341,0.8125,1.1180339887,0.3194382825,0.913127638,0.4190260672,3.5,2.1791666667,0.0793492048,0.100583499
367,Rodentia,Microtus,agrestis,Vole,2,23,23,26,0.6427514793,0.7965976331,5,2.2608695652,0.9876362341,0.4368391035,0.8461538462,0.4898979486,0.106499554,0.4103656906,0.1791989915,4.6,2.29,0.0348541936,0.0410586051
368,Rodentia,Microtus,agrestis,Vole,2,24,58,96,0.7208116319,0.8249782986,6,3.3103448276,1.6733911115,0.5055035649,0.8958333333,1.490711985,0.1542115847,0.3905778782,0.1188754437,9.6666666667,3.2856060606,0.0516568214,0.057618149
369,Rodentia,Microtus,agrestis,Vole,2,25,22,30,0.5483333333,0.7816666667,5,2.7272727273,1.4200453956,0.5206833117,0.7666666667,0.8,0.1818181818,0.5695612346,0.211732801,4.4,2.69,0.1105708099,0.146825386
370,Rodentia,Microtus,agrestis,Vole,2,26,4,4,0,0.5,2,2,0.7071067812,0.3535533906,0.5,0,0,0,0,2,2,0,0
371,Rodentia,Microtus,agrestis,Vole,2,27,13,19,0.4418282548,0.4944598338,2,2.9230769231,1.6390212117,0.560717783,0.9473684211,1.5,0.2307692308,0.3875,0.1286307054,6.5,3.0125,0.0056022409,0.0059171598
372,Rodentia,Microtus,agrestis,Vole,2,28,23,33,0.6179981635,0.7089072544,4,2.8695652174,1.4833671399,0.516930973,0.9090909091,1.7853571071,0.3104968882,0.6937062048,0.2532159531,5.75,2.7395833333,0.0673304434,0.0759322977
373,Rodentia,Microtus,agrestis,Vole,2,29,15,21,0.3934240363,0.6315192744,3,2.8,1.7204650534,0.6144518048,0.7619047619,1.6329931619,0.3265986324,0.1472002936,0.0526910142,5,2.7936507937,0.0716523436,0.0951654428
374,Rodentia,Microtus,agrestis,Vole,2,30,28,39,0.5433925049,0.7485207101,5,2.7857142857,1.5435844846,0.5541072509,0.7948717949,1.8547236991,0.3312006606,1.0655819314,0.4024679957,5.6,2.6476190476,0.0679702483,0.0876496907
375,Rodentia,Microtus,agrestis,Vole,2,31,5,5,0.22,0.42,2,2,0.632455532,0.316227766,0.8,0.5,0.2,0.4166666667,0.2173913043,2.5,1.9166666667,0.0952380952,0.125
376,Rodentia,Microtus,agrestis,Vole,2,32,7,7,0.3571428571,0.5,2,2,0.755928946,0.377964473,0.8571428571,0.5,0.1428571429,0.2916666667,0.1428571429,3.5,2.0416666667,0,0
377,Rodentia,Microtus,agrestis,Vole,3,1,17,18,0.5509259259,0.662037037,3,2.1176470588,1.2310852669,0.5813458205,0.8888888889,1.2472191289,0.2200974933,0.2625053239,0.1207141271,5.6666666667,2.1746031746,0.0580190179,0.065777375
378,Rodentia,Microtus,agrestis,Vole,3,2,46,79,0.6204935107,0.8103669284,6,3.4347826087,2.0605209758,0.599898512,0.8101265823,2.1343747458,0.278396706,0.8790846961,0.2547778533,7.6666666667,3.4503968254,0.0779975545,0.0975730362
379,Rodentia,Microtus,agrestis,Vole,3,3,26,37,0.5913075237,0.7534696859,5,2.8461538462,1.7692307692,0.6216216216,0.8378378378,1.939071943,0.3728984506,0.4553536414,0.1651541705,5.2,2.7571428571,0.0880074179,0.1099296133
380,Rodentia,Microtus,agrestis,Vole,3,4,4,4,0,0.5,2,2,0.7071067812,0.3535533906,0.5,0,0,0,0,2,2,0,0
381,Rodentia,Microtus,agrestis,Vole,3,5,11,20,0.32,0.42,2,3.6363636364,1.5534552264,0.4272001873,0.9,1.5,0.2727272727,0.5,0.1428571429,5.5,3.5,0.0476190476,0.0540540541
382,Rodentia,Microtus,agrestis,Vole,3,6,4,4,0,0.5,2,2,0.7071067812,0.3535533906,0.5,0,0,0,0,2,2,0,0
383,Rodentia,Microtus,agrestis,Vole,3,7,38,51,0.6462898885,0.7835447905,6,2.6842105263,1.4528603939,0.5412617154,0.862745098,1.8856180832,0.297729171,0.5407815898,0.2123686468,6.3333333333,2.5464285714,0.1184941587,0.1433369515
384,Rodentia,Microtus,agrestis,Vole,3,8,8,8,0.2578125,0.6328125,3,2,1,0.5,0.625,0.4714045208,0.1767766953,0.3424674446,0.1761261144,2.6666666667,1.9444444444,0.0448956686,0.0707106781
385,Rodentia,Microtus,agrestis,Vole,3,9,16,19,0.5720221607,0.7299168975,4,2.375,1.0532687216,0.443481567,0.8421052632,0.7071067812,0.1767766953,0.4832614889,0.2063750131,4,2.3416666667,0.0445555029,0.0533211821
386,Rodentia,Microtus,agrestis,Vole,3,10,18,30,0.4016666667,0.7016666667,4,3.3333333333,1.7950549357,0.5385164807,0.7,1.6583123952,0.3685138656,1.0753684176,0.3253996653,4.5,3.3047619048,0.1553355776,0.2227865505
387,Rodentia,Microtus,agrestis,Vole,3,11,121,269,0.7281339396,0.8285056868,7,4.4462809917,2.9259466596,0.6580660703,0.8996282528,6.5621051873,0.3796259199,0.7005024258,0.1640995918,17.2857142857,4.2687639741,0.0473210096,0.0528603661
388,Rodentia,Microtus,agrestis,Vole,3,12,194,434,0.802958228,0.8766909469,11,4.4742268041,3.0933676424,0.6913747957,0.9262672811,6.5957662354,0.3739867453,0.8867398739,0.2046986845,17.6363636364,4.3319275644,0.0358953931,0.0389157447
389,Rodentia,Microtus,agrestis,Vole,3,13,93,185,0.7601753104,0.8412563915,8,3.9784946237,2.5651866755,0.6447631374,0.9189189189,4.1212103805,0.3545127209,1.147014356,0.3071729711,11.625,3.7340992341,0.0298062149,0.0324589477
390,Rodentia,Microtus,agrestis,Vole,3,14,20,29,0.5606420927,0.6640903686,3,2.9,1.2206555616,0.4209157109,0.8965517241,1.2472191289,0.1870828693,0.3681787006,0.12410518,6.6666666667,2.9666666667,0.0529089727,0.0593169787
391,Rodentia,Microtus,agrestis,Vole,3,15,5,4,0.21875,0.46875,2,1.6,0.8,0.5,0.75,0.5,0.2,0.0833333333,0.0526315789,2.5,1.5833333333,0.0666666667,0.0909090909
392,Rodentia,Microtus,agrestis,Vole,3,16,5,5,0.08,0.48,2,2,1.095445115,0.5477225575,0.6,0.5,0.2,0,0,2.5,2,0.0833333333,0.1428571429
393,Rodentia,Microtus,agrestis,Vole,3,17,4,3,0,0,1,1.5,0.8660254038,0.5773502692,1,0,0,0,0,4,1.5,0,0
394,Rodentia,Microtus,agrestis,Vole,3,18,5,4,0,0,1,1.6,1.2,0.75,1,0,0,0,0,5,1.6,0,0
395,Rodentia,Microtus,agrestis,Vole,3,19,5,4,0.21875,0.46875,2,1.6,0.8,0.5,0.75,0.5,0.2,0.0833333333,0.0526315789,2.5,1.5833333333,0.0666666667,0.0909090909
396,Rodentia,Microtus,agrestis,Vole,3,20,2,1,0,0,1,1,0,0,1,0,0,0,0,2,1,0,0
397,Rodentia,Microtus,agrestis,Vole,3,21,3,2,0,0,1,1.3333333333,0.4714045208,0.3535533906,1,0,0,0,0,3,1.3333333333,0,0
398,Rodentia,Microtus,agrestis,Vole,3,22,25,37,0.6029948868,0.7111029949,4,2.96,1.7083325203,0.577139365,0.8918918919,1.6393596311,0.262297541,0.4832614889,0.1664824268,6.25,2.9027777778,0.0253623372,0.0285094562
399,Rodentia,Microtus,agrestis,Vole,3,23,25,39,0.4414858646,0.620973044,4,3.12,2.214858912,0.7098906769,0.8205128205,3.1124748995,0.4979959839,0.9165003449,0.3144328669,6.25,2.9147727273,0.102315034,0.1331274866
400,Rodentia,Microtus,agrestis,Vole,3,24,16,19,0.5083102493,0.7188365651,5,2.375,1.2183492931,0.512989176,0.7894736842,1.166190379,0.3644344934,0.6165855803,0.2837050216,3.2,2.1733333333,0.1324554432,0.1818610205
401,Rodentia,Microtus,agrestis,Vole,3,25,11,16,0.25,0.375,2,2.9090909091,1.7814470857,0.6123724357,0.875,1.5,0.2727272727,0.7142857143,0.2631578947,5.5,2.7142857143,0.0833333333,0.1
402,Rodentia,Microtus,agrestis,Vole,3,26,5,6,0.1111111111,0.4444444444,2,2.4,0.8,0.3333333333,0.6666666667,0.5,0.2,0.3333333333,0.1428571429,2.5,2.3333333333,0.125,0.2
403,Rodentia,Microtus,agrestis,Vole,3,27,7,6,0.2083333333,0.375,2,1.7142857143,1.3850513878,0.8079466429,0.8333333333,1.5,0.4285714286,0.15,0.0909090909,3.5,1.65,0.1111111111,0.1428571429
404,Rodentia,Microtus,agrestis,Vole,3,28,4,3,0,0,1,1.5,0.8660254038,0.5773502692,1,0,0,0,0,4,1.5,0,0
405,Rodentia,Microtus,agrestis,Vole,3,29,18,18,0.5216049383,0.6882716049,4,2,1.2472191289,0.6236095645,0.8333333333,1.6583123952,0.3685138656,0.3697549864,0.1950355972,4.5,1.8958333333,0.0903787872,0.1118237807
406,Rodentia,Microtus,agrestis,Vole,3,30,25,42,0.5524376417,0.647675737,3,3.36,1.52,0.4523809524,0.9047619048,1.2472191289,0.1496662955,0.7841344145,0.2315194756,8.3333333333,3.3869047619,0.0560781571,0.0627693604
407,Rodentia,Microtus,agrestis,Vole,3,31,12,14,0.4056122449,0.4770408163,2,2.3333333333,1.3123346457,0.5624291339,0.9285714286,1,0.1666666667,0.1142857143,0.049382716,6,2.3142857143,0.0160427807,0.0173410405
408,Rodentia,Microtus,agrestis,Vole,3,32,2,1,0,0,1,1,0,0,1,0,0,0,0,2,1,0,0
409,Rodentia,Microtus,agrestis,Vole,4,1,82,142,0.7153342591,0.8420948225,7,3.4634146341,1.8359228553,0.5300904019,0.8732394366,3.5340905362,0.3016906555,0.4247671077,0.122685769,11.7142857143,3.4622361765,0.0647072315,0.0749966291
410,Rodentia,Microtus,agrestis,Vole,4,2,64,83,0.7264479605,0.8469298882,9,2.59375,1.747487035,0.6737299412,0.8795180723,2.7261875881,0.3833701296,0.5918754223,0.2401813308,7.1111111111,2.4642857143,0.0400879583,0.0459811304
411,Rodentia,Microtus,agrestis,Vole,4,3,30,43,0.6522444565,0.7917793402,5,2.8666666667,1.0873004287,0.3792908472,0.8604651163,0.894427191,0.1490711985,0.2826759079,0.0992011041,6,2.8495238095,0.0721572834,0.085232901
412,Rodentia,Microtus,agrestis,Vole,4,4,11,15,0.4244444444,0.4911111111,2,2.7272727273,1.2128785513,0.4447221355,0.9333333333,0.5,0.0909090909,0.1166666667,0.0429447853,5.5,2.7166666667,0.0090497738,0.0097087379
413,Rodentia,Microtus,agrestis,Vole,4,5,64,100,0.7644,0.8344,7,3.125,1.9162137146,0.6131883887,0.93,3.1815796359,0.3479852727,1.0213408799,0.3272597611,9.1428571429,3.1208874459,0.0384291317,0.041612625
414,Rodentia,Microtus,agrestis,Vole,4,6,112,170,0.775,0.8808823529,11,3.0357142857,2.2277814534,0.7338574199,0.8941176471,3.3795691446,0.3319219696,0.8172152586,0.2814867225,10.1818181818,2.9032106782,0.0385096094,0.0433254141
415,Rodentia,Microtus,agrestis,Vole,4,7,19,26,0.4267751479,0.7344674556,4,2.7368421053,1.680917834,0.6141815163,0.6923076923,0.8291561976,0.1745591995,0.5863463851,0.2128943002,4.75,2.7541666667,0.0444115592,0.0641500299
416,Rodentia,Microtus,agrestis,Vole,4,8,53,117,0.7111184162,0.7880414932,5,4.4150943396,2.1140496974,0.4788232221,0.9230769231,2.3323807579,0.2200359206,0.9620078917,0.2142897452,10.6,4.4892857143,0.0341251979,0.0370510494
417,Rodentia,Microtus,agrestis,Vole,4,9,11,15,0.4511111111,0.6511111111,3,2.7272727273,1.1354541815,0.4163331999,0.8,0.4714045208,0.1285648693,0.2749859705,0.1020566488,3.6666666667,2.6944444444,0.0564525329,0.070047637
418,Rodentia,Microtus,agrestis,Vole,4,10,15,17,0.5640138408,0.7404844291,4,2.2666666667,0.9285592185,0.4096584787,0.8235294118,0.8291561976,0.2211083194,0.3371397254,0.1463174215,3.75,2.3041666667,0.0621831499,0.0746844417
419,Rodentia,Microtus,agrestis,Vole,4,11,26,32,0.6313476563,0.7563476563,5,2.4615384615,1.3931361751,0.5659615711,0.875,1.7204650534,0.3308586641,0.5354973106,0.2258121189,5.2,2.3714285714,0.163083259,0.2010167559
420,Rodentia,Microtus,agrestis,Vole,4,12,94,150,0.7682666667,0.8349333333,7,3.1914893617,1.9584872351,0.6136593337,0.9333333333,4.3377789859,0.3230260947,0.5985660278,0.1950914724,13.4285714286,3.0681301468,0.0709792314,0.077935214
421,Rodentia,Microtus,agrestis,Vole,4,13,24,34,0.5423875433,0.7188581315,4,2.8333333333,1.5986105078,0.5642154733,0.8235294118,1.4142135624,0.2357022604,0.5836122845,0.2130295791,6,2.7395833333,0.0919711188,0.1119091696
422,Rodentia,Microtus,agrestis,Vole,4,14,10,10,0.425,0.625,3,2,1,0.5,0.8,0.4714045208,0.1414213562,0.3928371007,0.2020305089,3.3333333333,1.9444444444,6.40987562127855E-017,8.01234452659818E-017
423,Rodentia,Microtus,agrestis,Vole,4,15,44,53,0.6712353151,0.8221787113,6,2.4090909091,1.3869223911,0.5757036341,0.8490566038,2.2852182001,0.3116206637,0.3895704378,0.1574825371,7.3333333333,2.4737373737,0.0790749134,0.0936684322
424,Rodentia,Microtus,agrestis,Vole,4,16,6,7,0.1224489796,0.4081632653,2,2.3333333333,0.9428090416,0.4040610178,0.7142857143,1,0.3333333333,0.25,0.1111111111,3,2.25,0.15,0.2307692308
425,Rodentia,Microtus,agrestis,Vole,4,17,3,2,0,0,1,1.3333333333,0.4714045208,0.3535533906,1,0,0,0,0,3,1.3333333333,0,0
426,Rodentia,Microtus,agrestis,Vole,4,18,2,1,0,0,1,1,0,0,1,0,0,0,0,2,1,0,0
427,Rodentia,Microtus,agrestis,Vole,4,19,2,1,0,0,1,1,0,0,1,0,0,0,0,2,1,0,0
428,Rodentia,Microtus,agrestis,Vole,4,20,0,0,nan,nan,nan,nan,nan,nan,nan,nan,nan,nan,nan,nan,nan,nan,nan
429,Rodentia,Microtus,agrestis,Vole,4,21,2,1,0,0,1,1,0,0,1,0,0,0,0,2,1,0,0
430,Rodentia,Microtus,agrestis,Vole,4,22,49,77,0.6874683758,0.8433125316,7,3.1428571429,1.7023393268,0.5416534222,0.8441558442,1.8516401995,0.2645200285,0.6533505713,0.207308416,7,3.1515873016,0.0521693345,0.0621051959
431,Rodentia,Microtus,agrestis,Vole,4,23,43,62,0.6436004162,0.7726326743,6,2.8837209302,2.2226037771,0.7707416324,0.8709677419,2.5440562537,0.3549845935,1.0603873331,0.3997271622,7.1666666667,2.6527777778,0.0913691086,0.1070657913
432,Rodentia,Microtus,agrestis,Vole,4,24,16,19,0.4612188366,0.6191135734,3,2.375,1.3169567191,0.5545080923,0.8421052632,1.6996731712,0.3186887196,0.2208004404,0.0956043144,5.3333333333,2.3095238095,0.1120834045,0.13964789
433,Rodentia,Microtus,agrestis,Vole,4,25,18,22,0.5847107438,0.7210743802,4,2.4444444444,1.2570787221,0.5142594772,0.8636363636,1.1180339887,0.2484519975,0.5779964196,0.2355163679,4.5,2.4541666667,0.1490977055,0.1801466661
434,Rodentia,Microtus,agrestis,Vole,4,26,8,10,0.22,0.62,3,2.5,1.1180339887,0.4472135955,0.6,0.4714045208,0.1767766953,0.6285393611,0.2571297386,2.6666666667,2.4444444444,0.0684934889,0.1163096982
435,Rodentia,Microtus,agrestis,Vole,4,27,13,18,0.3225308642,0.4336419753,3,2.7692307692,1.7608497142,0.6358623968,0.8888888889,2.0548046677,0.4741856925,0.9901728015,0.426535976,4.3333333333,2.3214285714,0.108717115,0.133292391
436,Rodentia,Microtus,agrestis,Vole,4,28,10,11,0.3553719008,0.6280991736,3,2.2,1.3266499161,0.6030226892,0.7272727273,1.2472191289,0.3741657387,0.3142696805,0.1414213562,3.3333333333,2.2222222222,0.1312334646,0.1920489725
437,Rodentia,Microtus,agrestis,Vole,4,29,72,116,0.7130648038,0.7992717004,6,3.2222222222,2.161675162,0.6708647055,0.9137931034,3.6055512755,0.3004626063,0.6932628553,0.2231333285,12,3.1069444444,0.0305533739,0.0330599071
438,Rodentia,Microtus,agrestis,Vole,4,30,36,42,0.6553287982,0.7743764172,6,2.3333333333,1.6329931619,0.6998542122,0.880952381,2.9439202888,0.4906533815,0.4822849163,0.2177706121,6,2.2146464646,0.1551786822,0.1889619776
439,Rodentia,Microtus,agrestis,Vole,4,31,12,17,0.4152249135,0.6505190311,3,2.8333333333,1.2133516482,0.4282417582,0.7647058824,0,0,0.6236095645,0.2200974933,4,2.8333333333,0.0498801789,0.0651285238
440,Rodentia,Microtus,agrestis,Vole,4,32,3,3,0,0,1,2,0,0,1,0,0,0,0,3,2,0,0
